,상품이름,가격(원가)
1,[푸마](10710원 무료배송)푸마 퀵드라이 남녀공용 언더셔츠 1종 택일 최신상 (90~115) (15+8%쿠폰),"13,900원"
2,(15+12%) 줄리샵 봄여름 신상/베스트/원피스/블라우스/니트/스커트/투피스/셋업/자켓,"14,200원"
3,((15%+5%쿠폰)) 데이데이 고퀄리티 국내 자체제작 BEST 반팔티셔츠/팬츠/스커트/블라우스/원피스,"11,200원"
4,[다온샵](무료반품/15+12%중복쿠폰) 봄여름 쿨신상 50종팬츠 데님/슬랙스/코튼/청바지/여름바지/스판/빅사이즈,"10,900원"
5,[리바이스바디웨어](5900원 무료배송) Levis 리바이스 아웃밴드 메쉬 드로즈 (95~110),"6,770원"
6,[로즈맘]((15%+10%쿠폰/단하루 한정SALE)) 로즈맘 봄신상 한정세일 마담/엄마옷/중년여성,"10,900원"
7,[몽벨](15+8%쿠폰 무료배송) 푸마/몽벨 외 글로벌브랜드 언더셔츠/팬츠 택1 모음전,"10,000원"
8,(15%+5%쿠폰/역마진SALE) 4800원~ 여름신상/쿨팬츠/데님/카고/조거/트레이닝/원피스/빅사이즈~5XL 50종,"8,700원"
9,((15%+5%쿠폰)) 블랑에이 역마진 마지막SALE 봄/여름 티셔츠/자켓/팬츠/가디건/원피스,"9,900원"
10,빅스마일 누구나 20+10%쿠폰 게스본사 SS특가 반팔티/데님/모자 행사,"28,000원"
11,[르샵]30%쿠폰 르샵/보니스팍스/나인식스뉴욕 외 ~ 24 S/S 놓치면 후회할 봄 BEST/여름신상 미리보기,"22,800원"
12,(70%+20%)앤마그렛 봄신상 3920원부터~블라우스/자켓/반팔티/원피스 외 유니 베어 반팔 트레이닝 셋업_r,"11,200원"
13,(무료반품)((15%+5%쿠폰/시크루즈)) 여름신상/롱원피스/상하세트/점프슈트/가디건/스커트/팬츠/빅사이즈,"15,780원"
14,[BYC]무료반품(15+8%쿠폰)1+1 여성팬티 5매입 2박스 外 언더웨어 특가모음/최다종류/최저가 적용/빅사이즈,"10,000원"
15,((15+5%쿠폰 오늘만 역마진SALE)) 데이뮤즈 여름신상 티셔츠/반팔자켓/트위드/원피스/블라우스/팬츠/가디건,"10,000원"
16,(무료반품) 패션라인 15%+5%쿠폰 여름추천200종 무료배송 윈피스/자켓/블라우스/티셔츠/청바지/세트상품 외,"16,900원"
17,[플루크]15%+5% 플루크 24SS 신상 반팔티셔츠 피그먼트 + 클리어런스 초특가,"19,800원"
18,[난닝구](15%+10%)난닝구/BEST/퀄리티보장/신상/반팔/원피스/스커트/간절기/가디건/데님/XL/바람막이/원피스/밴딩,"19,200원"
19,[15%+5%쿠폰] 브랜드특가 여름신상/여자맨투맨/롱박스티/청자켓/면팬츠/여자바지/조끼코디/베스트코디,"15,900원"
20,((단하루 15%+12% 쿠폰)) 홈쇼핑BEST 여름신상+55~99 빅사이즈 대박SALE 원피스/블라우스/청바지/팬츠/나시,"10,000원"
21,(15%+10%쿠폰) 봄여름신상/반팔/티셔츠/블라우스/자켓/원피스/니트/가디건/,"7,900원"
22,잇수다 (15%+10%) 얼리썸머 오픈 SALE 티셔츠/반팔니트/가디건/자켓/맨투맨/원피스/데님/팬츠,"19,900원"
23,[비너스](15+7%쿠폰)비너스외 노와이어 브라 빅사이즈 브래지어 여성 심리스 여자 속옷 세트 보정 와이어리스,"10,900원"
24,[마담블리]마담블리 국내생산 풍기인견바지 봄/여름 엄마옷 BEST,"11,250원"
25,(무료반품)((15%+5%/모노시크))여름신상/티셔츠/맨투맨/가디건/남방/블라우스/세트/팬츠/스커트/트레이닝,"15,780원"
26,(15+5%쿠폰) 비비안 외 ABCD컵 노와이어 브라 와이어 편한 여성 속옷 브래지어 여자 브라탑 브라자,"11,200원"
27,스위스키친 반팔티셔츠 원피스 가디건 블라우스 기본핏 데일리 베이직 아이템,"9,900원"
28,[흄]15%+10% 흄 - S/S 여름초특가 반팔/반바지/셔츠/슬랙스/데님/자켓/바람막이,"13,400원"
29,((15%+5%쿠폰 오늘만 역마진SALE)) 쉬블림로브 여름신상 4set 잠옷세트/수면잠옷/파자마/홈웨어/상하세트,"6,300원"
30,[페이지플린](15+10%)페이지플린 여름신상 데일리룩 업뎃 원피스/블라우스/자켓/니트/팬츠 外,"24,900원"
31,(20%쿠폰+무료반품)여름미시룩맛집/66/리뷰보증/스커트/바람막이/티셔츠/원피스/블라우스/데님外,"16,200원"
32,[이너리즘](쿠폰가13790원/10장세트)이너리즘 헬로드로즈 남자팬티 남자속옷 가성비 패션 드로즈 HELLO 놀라운 착용감,"18,900원"
33,[BYC](15+3%쿠폰)BYC 여름 잠옷 세트 커플 쿨 인견 반팔 냉감 시원한 파자마 바지 남성 여성 빅사이즈 면 홈웨어,"13,060원"
34,(15+5%쿠폰)(오늘만 이가격) 2024 여름 잠옷 홈웨어 파자마 세트 무료배송 추가쿠폰,"5,500원"
35,15+12%(1+1) 쿠폰가 7730원 남녀공용 9부 아이스 냉장고바지 10종 장당 4120원,"10,300원"
36,(15+12%)3920원~ 로코코 봄신상+베스트 세일 반팔티/셔츠/린넨자켓/원피스/팬츠 외 시어 후드 썸머 셔츠_i,"11,200원"
37,(15+7%쿠폰) 모스트맘 국민잠옷 시원한 냉감 세트/피치기모 세트/주니어 잠옷/커플잠옷,"12,900원"
38,[요즘에](15+12%쿠폰세일) SS 봄여름 신상 BEST 모음/청바지/슬랙스/면바지/반바지/셔츠/티셔츠,"29,900원"
39,[지오다노]15%쿠폰 지오다노 차은우 PICK 반팔티/폴로티/반바지 UP TO 66% OFF,"20,000원"
40,[트라이](11770원/5매)TRY 트라이 남성 베이직 쿨에어 런닝 5매세트 15+5%쿠폰,"14,700원"
41,[트라이](10330원/5매) 트라이 남아/여아 베이직 민소매 5매입 set 런닝 케미솔 순면100% (15+5%쿠폰),"12,900원"
42,[라이프폼]3장세트 기능성 쿨 드라이 무지 반팔 티셔츠 무지티 쿨티셔츠 반팔티,"15,000원"
43,15+5%쿠폰 단독특가 루나샵 주문폭주 여름신상/티셔츠/맨투맨/빅사이즈/오버핏/니트,"12,300원"
44,[체이스컬트]30%쿠폰 티셔츠 5600원부터~최대90%SALE 반팔/카라티/와이드핏/팬츠/슬랙스,"9,900원"
45,[아이미마인](15%쿠폰)브리치X아이미마인 BEST여름신상 티셔츠/원피스/블라우스/반팔니트/스커트/청바지/밴딩팬츠/자켓,"18,400원"
46,[반에이크](20%쿠폰) 미센스/반에이크 여름 오픈특가+봄 시즌오프 + 무료배송,"18,900원"
47,((한정수량))고퀄반팔6천원대~유닉심플여름/반팔/박스티/트레이닝셋업/블라우스/셔츠/나시/가디건/바람막이,"12,800원"
48,[저스트원](무료반품+15%+5%쿠폰) 베스트 모음 봄신상/셔츠/슬랙스/청바지/일자/긴팔/반팔/조끼/니트,"17,990원"
49,[폴햄]15+5%쿠폰|본사직영 폴햄 스프링페스타 셔츠/티셔츠/팬츠 외 빅스마일데이,"12,000원"
50,(5%+15%쿠폰 7920원) 남녀공용 오버핏 프린팅 반팔티 9405원 / 12720원 초특가 시즌얼리버드 특가,"9,900원"
51,[폴로랄프로렌]폴로티 로고 랄프로렌 커플 남녀공용 기본핏 클래식핏 반팔티셔츠,"24,900원"
52,1+1 쉽게입는 남성 시원한 기능성 트레이닝 바지 (SI3A1LP027M)A1,"12,400원"
53,[BYC](15+3%쿠폰) 제임스딘 BYC 여성 팬티 세트 맥시 순면 인견 텐셀 빅사이즈 노라인 여자 속옷 요일 위생 삼각,"9,780원"
54,[태그](20%쿠폰할인) 홈쇼핑 인기 BEST 빅사이즈 SS상품 단독특가 맨투맨/팬츠/원피스/슬랙스 무배,"9,900원"
55,15+5% 1+1+1 디커버스 프린팅/무지티 3장세트 장 당 6천원대 반팔티/무지티/쿨티/여성/남자/옷,"21,800원"
56,[이너리즘](쿠폰가16000원/4장세트)노와이어 심리스 V라인 후크끈브라 감동브라 노라인 심플 물방울 가슴골 15+12%쿠폰,"21,900원"
57,[지프스피릿]15+5% 국내출고 JEEP spirit (봄여름용) 남성 청바지 스판 남자 캐쥬얼 팬츠 지프 jeep - 26812,"39,600원"
58,[어나더디](쿠폰가12050원)(4개세트) 심리스 브라탑 4color 노라인 노와이어 스포츠 브라 (15+12%쿠폰),"16,500원"
59,[루시앙]((15+5%쿠폰)) 홈쇼핑BEST 인기신상 마감물량 파격세일/빅사이즈 55~99 한정수량 모음,"19,900원"
60,(S~3XL/20%쿠폰)자체제작/여름팬츠8천원대부터/린넨팬츠/여름데님/쿨팬츠/슬랙스/반바지/카고팬츠/빅사이즈,"10,900원"
61,[리베레츠](15%쿠폰) 9350원~홈쇼핑 봄여름 신상 팬츠/티셔츠/자켓 등 데일리 아이템 오픈,"29,900원"
62,(12670원 1+1) 여성 런닝 나시 데일리 브라캡 6칼라 /2장/무료배송/15%쿠폰 NY112,"14,900원"
63,[시크폭스](15%쿠폰) 시크폭스 단독특가 여름 신상 BEST /티셔츠/데님/니트/원피스/셋업/바람막이/자켓,"14,800원"
64,((히트상품)) 여름신상 균일가 8900원 무배/셔츠/원피스/티셔츠/티셔츠/세트/바람막이/미미나나,"8,900원"
65,[BYC](15+10%쿠폰) 브랜드 런닝 5매/남성/남자/여성/여자/아동/속옷/모시/인견/텐셀/쿨/면/반팔/세트/나시,"16,900원"
66,[푸마](1+1 무료배송)푸마 남성/여성 반팔 언더셔츠 이너셔츠 홈웨어 2종(90~115) 세트,"17,900원"
67,[데일리앤](15%+5%쿠폰) 데일리앤 자체제작BEST 봄/여름 신상 티셔츠 원피스 스커트 팬츠 /고퀄리티 주문폭주,"13,800원"
68,[스파오]무료배송+15% 스파오 티셔츠/셔츠/팬츠 이월 특가,"6,900원"
69,((10%쿠폰/오늘만 역마진SALE)) 시크릿무드 여름신상 팬츠/반팔/원피스/아우터 총출동,"8,800원"
70,[라이프폼]3장1세트 남성 여성 순면100% 무지 라운드 반팔 무지티 기본티 티셔츠 흰티 면티 반팔티,"13,900원"
71,[어나더디](쿠폰가10890원)(1+1) 더 아이 주니어 하이틴 심리스 브라탑 일체형 노와이어 2장 (15+12%쿠폰),"14,900원"
72,[파란](15+5%쿠폰)(무료배송) 브라썸/브라팬티세트 ABCD컵/왕뽕/빅사이즈/여성속옷/브라+팬티,"10,900원"
73,15%+5% 남녀공용 5부 오버핏 반팔티 남자 남성 여성 의류 루즈핏 박스티 커플 면 티 단체 라운드 티셔츠,"10,900원"
74,15%+5%여성의류 BEST모음(44-99)롱스커트/린넨바지/반팔티셔츠M.L/여성청바지/블라우스/치마바지/빅사이즈,"12,880원"
75,[올젠](대구신세계)올젠 2024 S/S 린넨 혼방 솔리드 티에리 카라 티셔츠 ZPE2TT1501,"22,730원"
76,(15+5%쿠폰)반팔티셔츠 M.L사이즈/브랜드퀄리티 롱 스커트/저온스 스판 청바지/빅카라 맨투맨/빅사이즈,"29,500원"
77,[비너스](10%쿠폰)비너스 비비안 70A~105G 빅사이즈 브라 팬티 세트 여성 속옷 노와이어 여자 브래지어 B C D E F컵,"9,780원"
78,[이지바이]1+1 기능성 남녀 트레이닝/바지/스판/티셔츠/추리닝/등산/빅사이즈 (XS3AAA1LP040M)A1,"12,400원"
79,[에디션센서빌리티]남자 사이드밴딩 면스판 여름 치노 팬츠 5종 NEE2PP1901,"28,000원"
80,[제이로그](쿠폰 15+5%) 제이로그 인기반팔 5천원~ 1+1 초특가 여름BEST 티셔츠/원피스/팬츠/블라우스/셔츠/바람막이,"10,900원"
81,[트라이](9370원/5매)트라이 스탠다드 베이직 남성 5번들 런닝 무료배송 (15+5%쿠폰),"11,700원"
82,((15+5%쿠폰)) 55~99 레이스 쉬폰 플레어 스커트~롱치마/반팔티셔츠/맨투맨/면스판바지 청바지/빅사이즈,"8,880원"
83,(15+8%쿠폰)정품 풍기인견파자마/면티/면파자마/빅사이즈/최다 종류 모음/최저가 적용,"8,900원"
84,(15%+12% 추가할인) 줄리샵 봄/여름 신상/베스트/트렌드/패션/여성/원피스/블라우스/셔츠/반팔티/니트,"12,300원"
85,[핫코드]28~42 여름 신상 남자 청바지/빅사이즈/스판/일자/테이퍼드/와이드/슬림/핏/블랙진/워싱/9부/데님팬츠 행사,"17,900원"
86,[이너리즘](15+12%쿠폰)(4장세트)노와이어 심리스 스트랩브라탑 끈브라탑 스포츠브라 요가 래쉬가드,"15,900원"
87,((15%+5%쿠폰 1+1티셔츠)) 오늘만 역마진 SALE 쉬블림로브 여름 신상 티셔츠/원피스/블라우스/팬츠/셔츠,"6,300원"
88,15+12%(1+1) 쿠폰가 14480원 남녀공용 기능성 고급 아이스원단 9부 일자바지,"19,300원"
89,[행텐]행텐 여름맞이 티셔츠/셔츠/린넨 자켓 외 남여 캐주얼 인기템 특가전,"8,900원"
90,[어나더디](쿠폰가12410원)(10개세트) 심리스 팬티 6color 여성용 노라인 무봉제 (15+12%쿠폰),"17,000원"
91,1+1 장당 6450원 포도굿샵 코리아 ARMY ROKA 쿨론티셔츠 FVS17 로카티,"12,900원"
92,[에디션](신세계하남점)쿨텐션 반팔 카라티셔츠 7종택(NND2TT1903),"20,250원"
93,[BYC](15+10%쿠폰) 국산 5매입/트렁크/사각/남자/남성/팬티/면/인견/세트/주니어/면100%/빅사이즈/~140/속옷,"17,900원"
94,[체이스컬트]체이스컬트 봄오픈 최대90% +30%쿠폰 파격가 반팔티/오버핏/반팔셔츠/블라우스/숏팬츠,"9,900원"
95,(10% 쿠폰)홈쇼핑특가/전상품1만원미만/비니수/베스트모음전 /홈쇼핑빅HIT/니트/원피스/가디건/블라우스,"5,900원"
96,[아디다스](1+1+무료배송)디자인/사이즈추가 아디다스 남성 드로즈 2장 무료배송 특가 (클리어런스),"12,900원"
97,[로코엘라](15%+5%쿠폰)~88사이즈/완판대란/1만원이하/홈쇼핑 1+1 티/니트/팬츠 외,"10,440원"
98,[트라이](12730원/5매) 신상TRY 스탠다드 코튼 박서 5종 세트 (95~110) (15+5%쿠폰),"15,900원"
99,[트라이](15+10%쿠폰) 데일리 여성팬티 5매/면팬티/맥시/미디/여자/여성/속옷/누디/위생/빅사이즈/노라인/햄팬티,"9,900원"
100,(15%+7%쿠폰)BYC/제임스딘/국산 남성 트렁크 팬티 5매/3매 세트 남자/사각/속옷/빅사이즈/면/주니어,"15,900원"
101,[투투삭스](15%+10%) 최대12켤레 남여 국산양말 중목/발목/무지/학생/덧신/균일가,"6,900원"
102,[헬렌카민스키]갤러리아 헬렌카민스키 비앙카 BIANCA,"170,560원"
103,(15%+10%) 10+10켤레 안 벗겨지는 트리플 실리콘 페이크삭스 외 학생양말/발목양말/덧신 모음전,"11,700원"
104,슈라모드 제로원 리커버리 슬리퍼/족저근막염 여성슬리퍼 남성슬리퍼 회사슬리퍼 초경량슬리퍼,"11,790원"
105,1+1 미니 양산 우산 자외선 차단 휴대용 접이식 초경량 우양산,"12,900원"
106,[휠라](15%+10% 7960원) 휠라 더블라인 스니커즈 5족,"10,590원"
107,[홀리지]1+1 시원한 넥쿨러/자외선차단 외,"7,890원"
108,(15%+5%) 1+1 기획특가 산리오/가방/양말/패션잡화 몽땅무배+사은품,"3,800원"
109,[지프 (의류)]JEEP spirit (지프스피릿)등산모자 CA 0352 남성.여성공용 벙거지 낚시 버킷햇,"21,000원"
110,(15+5%) 몽땅 무배 제이루시 헤어핀/머리띠/머리끈 외 쿠폰가 800원~,"3,900원"
111,(15%+15% 15960원)1+1+1 튼튼한 와이드 투명장우산 16개 블랙 살대 자동 원터치우산 +사은품 부치다패드60매,"22,800원"
112,[프로월드컵]15+5% PWX SS샌들 슬리퍼 OPEN 남성 여성 키즈 어린이샌들 아쿠아슈즈 메쉬운동화 사무용슬리퍼,"15,900원"
113,[벌레없는세상]정품 월레스와 그로밋 숀더쉽 12cm 폰 태그 홀더 키링 가방걸이 열쇠고리인형,"7,900원"
114,[우포스](신세계강남점)(OOFOS) 우포스 남여 공용 조리 블랙 1000 BLACK,"63,480원"
115,(15%+10%) 1+1기획특가 가방/모자/우산/썬켑/잡화 모음전 /햇볕차단/나들이/여행/신상 파격특가,"9,900원"
116,(15%+5% 11930원) 1+1+1 UV차단 자동 원터치 암막 접이식 양산 ZH014,"14,900원"
117,(15%+10% 7950원)1+1 더블 스트랩 샌들 폭신한 EVA 슬리퍼 여름 시원한 신발,"10,600원"
118,아이스 실크 투명 쿨덧신 5켤레 남자 여자 페이크 삭스,"9,900원"
119,요술가방 차고가요 등산 낚시 캠핑 여행 백팩 힙색 힙쌕 크로스백 슬링백 벨트백 허리 보조 가방 1+1,"29,900원"
120,(15%+10% 5810원)국산 양말 10켤레 남자 여자 무지/발목/단목/중목/카바/덧신/학생,"8,490원"
121,15%+10% 베카스 접이식 플랩캡 자외선 차단 모자 남여 공용 등산 골프 낚시 물놀이 캠핑 남자 여자,"8,700원"
122,[퍼니메이드](15%+10%) 1+1 퍼니메이드 지갑형 가죽 용돈봉투,"11,800원"
123,브랜드 슈즈 천연 양가죽 샌들 1만원대 부터~ 홈쇼핑 이월 슈즈 보스턴백 외 처분가,"18,600원"
124,Jeep (지프스피릿) 야구 캡모자 볼캡 남자 여자 남성 여성 CA0088,"18,000원"
125,(15+5%) 미야미마켓 성인/아동 헤어ACC 쿠폰가 890원~,"2,200원"
126,[휠라]휠라 쿠션중목 5족,"13,200원"
127,[휠라]휠라 쿠션단목 5족,"13,200원"
128,[우포스](신세계강남점)(OOFOS) 우포스 남여 공용 슬리퍼 블랙 1100 BLACK,"63,480원"
129,[헤네스](15%+10%) 자외선차단 페이스커버 1+1/리본가방/자외선차단플랩캡/니삭스/벨트/가방 특가찬스 모음전,"9,300원"
130,(1+1 10켤레 특가) 장융면 스킨 메쉬 덧신/누드 시스루 페이크 삭스/여성 여름 논슬립 양말/망사 쿨덧신,"12,900원"
131,(20%) 은침 귀걸이 몽땅 3천원대 균일가 외 목걸이/반지/팔찌 외,"4,900원"
132,[엘칸토]엘칸토 한정수량 균일가 슈즈 특가모음전 (플랫/스니커즈/펌프스/샌들 외),"24,900원"
133,15%+5% 쿠폰 신상 여성샌들 여성슬리퍼 여름 여자 슬리퍼 신발 샌들 모음전,"11,900원"
134,(15%+15% 18970원)1+1+1 튼튼한 고급 파스텔 장우산 16살대 대형 자동 우산 방풍 방수 보디가드 우산,"27,100원"
135,[행텐]HT-252 행텐 여성용 메쉬슬립온 메쉬스니커즈 운동화,"13,910원"
136,[헬렌카민스키]갤러리아 헬렌카민스키 비앙카 BIANCA,"160,160원"
137,(15+10%)몽땅무배 헤어ACC/쥬얼리/시계/선글라스/카네이션브로치 모음,"2,700원"
138,[휠라]휠라 스니커즈 5족,"11,880원"
139,[핏플랍]20+10% 탐스X핏플랍 여성 24SS신상 특별 이벤트모음 슬립온/샌들/레인부츠/슬라이드/플립플랍 외,"63,200원"
140,(15+10%)(국내배송) 쿨토시20쌍세트 남여양말20컬레세트7920원 무지 단목 양말 남자 여자 양말 덧신 스포츠,"9,900원"
141,[프로스펙스]프로스펙스 웨이 쿠셔닝 장목 5족,"11,840원"
142,플라워 포켓 장바구니 1+1+1 대형 파우치 에코백 숄더백 쇼핑 시장 짐가방,"10,000원"
143,베리떼 페이스 쿨 마스크 1+1 마우스 오픈 골프 자외선차단 낚시 자전거 등산,"8,700원"
144,[엘칸토](최대30%쿠폰) 엘칸토 빅스마일 슈즈 인기신상특가 (샌들/슬링백/로퍼/스니커즈 외),"45,000원"
145,국산 10켤레 남성 여성 남자 여자 학생 무지 여름 겨울 페이크삭스 단목 블랙 화이트 그레이 발목양말,"8,900원"
146,파스텔 장우산 튼튼한 16K 답례품 원터치 대형 자동 여름 장마,"7,500원"
147,물받이 우산 원터치 자동 빗물받이 캡커버 장우산 대형 16살대,"8,500원"
148,[제이드슈](15%+5% 쿠폰) 1+1 EVA 북유럽풍 치즈 욕실화 미끄럼방지 욕실 슬리퍼 유해물질 시험성적완료,"9,210원"
149,[헬렌카민스키]갤러리아 헬렌카민스키 비앙카 BIANCA,"170,560원"
150,1+1 10여종 16k 방수커버우산 자동 장우산 대형 외 우산 양우산 우비 거꾸로 uv,"10,900원"
151,[프롬산타](15%+10%)3+사은품 자체제작 고급 면 양말세트 남자여자무지흰검정중목장목학생화이트블랙국산,"14,500원"
152,[메트로시티]쿠폰가10%+5%어버이날 선물추천 메트로시티 BEST 우양산/스카프 18종 택1,"34,000원"
153,15%+5% 여성 미들라인 레인부츠 컬러 장화 아쿠아슈즈 코젤S022,"15,540원"
154,쿠샤 남성 여성 젤리 슬리퍼 샌들 아쿠아슈즈 신발,"17,800원"
155,스테디셀러 슈라모드 샌드 슬리퍼 여성슬리퍼 여자슬리퍼 발편한슬리퍼 사무실슬리퍼 키높이슬리퍼,"11,790원"
156,(15%+10%)레인부츠/실내화 외 1+1소프트 린넨 실내화/퀼트 면 실내화 슬리퍼/메모리폼깔창/슬리퍼/신발끈,"14,600원"
157,(15%+5%) 미니아트 14K귀걸이 반지 목걸이 팔찌 주얼리 봄세일 선물 추천,"9,800원"
158,(15%+15% 6510원)1+1소가죽 정장벨트외 5종아웃도어 경량 벨트 캐주얼 밀리터리 등산 허리띠 군용 요대,"9,310원"
159,MLB 캠핑슬리퍼 캠핑샌들 남자/여자 슬리퍼 슬라이드 사무실 학교 성인 학생,"23,900원"
160,힐슈빌 여성샌들 여름샌들 샌들 스트랩 웨지 플랫샌들,"9,900원"
161,1+1 UV차단 여성 밀짚 썬캡 MZ080,"9,900원"
162,[비에프엘아웃도어]BFL 발편한 운동화 가벼운 런닝화 조깅화 워킹화 경량 신발,"27,900원"
163,[베라왕]후기 1등 VW베라왕 시그니처 선글라스 VW523,"89,000원"
164,(15%+10% 5810원)국산 10켤레 남자 여자 무지 발목양말,"7,740원"
165,[에잇세컨즈]12%쿠폰 에잇세컨즈 ACC 봄맞이 23FW/SS 특가 대방출 모자/벨트/가방外,"17,900원"
166,[휠라]휠라 페이크 삭스 5족,"15,900원"
167,10+15%/쿠폰가 몽땅 9450원 맥코인 선글라스 리퍼브 /블루라이트 차단 안경,"12,600원"
168,특가 1+1 폭신한 슬리퍼 키높이 슬리퍼 여름 미끄럼 방지 캠핑 스포츠,"12,900원"
169,남성 러닝화 HOKA스포츠 러닝화 본디 8 통,"58,800원"
170,(25% 최종가 5930원)국내생산 양말 최대10켤레 남성여성 발목/중목/학생/스포츠/정장/패션/페이크삭스,"7,900원"
171,[프로스펙스]프로스펙스 트레스 쿠셔닝 장목 7족,"15,840원"
172,[캉골](현대백화점) [캉골] 에코 프랜들리백 0013 2종 택1(블랙/아이보리),"25,840원"
173,15%+10% 소가죽 여성가방 몽땅만원대 폭탄세일,"11,800원"
174,(1+1 총10켤레) 리얼 쿨덧신/원단자체가 시원한 진짜 냉감 페이크 삭스/여성 여름 양말/망사 메쉬 쿨양말,"16,800원"
175,[지프 (의류)]JEEP spirit (지프스피릿) 소가죽남성벨트 남자 남성 허리띠 정장 BT 0475,"23,700원"
176,[즐루]1+1 무지 튼튼한 16K 자동 장우산 예쁜우산 커플 경량우산,"18,900원"
177,남녀공용 여자 남자 학생 야구 커플 무지 대두 등산 빅사이즈 볼캡 블랙 화이트 모자,"3,800원"
178,[랩]LAP ACC 70% 최대할인율 본사 여름 베스트 크로스백/토트백,"45,000원"
179,(15%+5%) 크리스탈 카네이션 브로치/볼펜/넥타이핀/용돈박스 어버이날 가정의달 선물,"14,900원"
180,[지프 (의류)]JEEP spirit (지프스피릿) 남여자공용 벙거지 버킷햇 모자 남성 여성 CA282,"17,700원"
181,무중력 슈즈 발편한 운동화 런닝 워킹 스니커즈 키높이 신발,"16,900원"
182,(15%+10% 5180원)국산 양말 10켤레 남자 여자 발목 단목 중목 장목 스포츠 학생 신사 정장,"6,900원"
183,R 11002 남성 여성 에어 운동화 런닝화 워킹화 신발,"28,800원"
184,1+1 늘어나는 벨트 8컬러 남녀공용 체형맞춤 밴딩 허리띠,"9,100원"
185,[호카오네오네]남성 러닝화 HOKA스포츠 러닝화 본디 8 통,"66,570원"
186,[골드팡](15+15%)골드팡 14k/18k 귀걸이/목걸이/팔찌/반지 외 10900원~ +사은품/무배,"84,000원"
187,미투리아 여성 헤어 뒷머리 볼륨 업 붙임머리 헤어피스 커버 부분 가발 당고 사과,"14,100원"
188,오늘25%할인쿠폰 국산 헤어ACC 곱창끈/헤어핀/집게핀/머리띠 외3900원~/몽땅무배,"4,900원"
189,[페이지플린주얼리](15+5%) 페이지플린 14k골드핀 귀걸이/목걸이/팔찌/반지 외 + 사은품,"18,600원"
190,[페이퍼플레인]페이퍼플레인 남성 여성 이중쿠셔닝 빅사이즈 키높이 슬리퍼 PP1558,"22,500원"
191,3단 2in1 자동 암막 양우산 1+1+1 양산 우산 겸용 컴팩트 UV자외선 차단 휴대용 장우산,"17,300원"
192,[SNRD(슈즈)]페이퍼플레인 남성 여성 에어 운동화 다이얼 운동화 런닝화 워킹화 신발 SN610,"28,500원"
193,EVA 말랑 쿠션 슬리퍼 리커버리 키높이 층간소음 슬리퍼 족저근막 아치형,"11,700원"
194,[리바이스]리바이스 남성용 양면벨트 11LV1226 빅세일 행사 진행 중,"28,760원"
195,[몽블랑]몽블랑 블랙 레더 스트랩 벨트 113834,"106,900원"
196,JEEP spirit (지프스피릿)야구 캡모자 볼캡 남자 여자 남성 여성 CA0152,"16,200원"
197,[바나바나](15%+10%)본사직영 한정 스크레치 세일 24SS 신상 대폭 할인대전,"29,900원"
198,벨레페 신상 에나멜 로퍼 옥스퍼드화 여성 단화 여자 뮬 블로퍼 슬리퍼 학생화,"15,800원"
199,[핏플랍][핏플랍] [LF공식수입정품] 24SS 바라 레더 샌들,"161,100원"
200,[페이퍼플레인]레인부츠 장화 패션장화 방수신발 여성,"22,100원"
201,[숨37˚](신세계강남점)쓱딜 시크릿 에센스 45ml 기획세트,"36,000원"
202,[일리윤]일리윤 세라마이드아토6.0탑투토워시 1000ML +리필 500ml 2개,"21,820원"
203,[맥퀸뉴욕](~70+15%+사은품) 아이브로우 개당 2800원 외 듀이틴트/아이라이너/아이브로우/립스틱 1+1+1 전상품,"10,000원"
204,[일리윤]일리윤 세라마이드아토로션 350ml 3개 + 50ml 2개,"34,100원"
205,[엘라스틴]엘라스틴 프로틴클리닉 고영양 샴푸 1000ml 2개,"16,800원"
206,[이니스프리](20%+15%쿠폰)(단3일) 이니스프리 쿠로미 노세범 미네랄 파우더 외 화산송이 바하 클렌징폼 단독특가,"39,600원"
207,[에이지투웨니스]핑크다이아팩트 기획세트 21호 (케이스1+리필3+퍼프4),"40,900원"
208,[메디플라워]콜라겐 링클 아이크림 1+1+1 +1 40ml/ 주름개선 기능성,"10,000원"
209,[지방시](신세계강남점)5월단독/선물포장 로즈 퍼펙토 립 세트(+쉬어 벨벳 미니 N37+이레지스터블 1ML 증정),"43,120원"
210,[센텔리안24](15%+20%+5000원 체험특가) 마데카크림 기미앰플 선크림 / 상반기 최대 단독혜택 ~75%,"41,370원"
211,[온더바디]온더바디 수퍼보타닉 바디워시 900g 3개 레몬 로즈마리 로즈,"15,900원"
212,[센카]6개 2023 NEW 센카 시세이도 퍼펙트 휩 클렌징폼,"32,600원"
213,[해피바스]해피바스 스마일 바디워시900g 3종세트 유자/체리/자몽,"12,900원"
214,[온더바디]단하루특가 온더바디 발을씻자 코튼풋샴푸 자몽향 385ml 2개+벨먼 바디워시 600ml 1개,"13,900원"
215,[엘라스틴]엘라스틴 프로틴클리닉 고영양 트리트먼트700ml 2개,"16,800원"
216,[헤라]헤라 UV프로텍터 톤업 50ml + 증정,"36,000원"
217,[바세린]바세린 수분 휩 클렌징폼 폼클렌징 220ml X 4개 대용량,"14,800원"
218,[설화수]설화수 NEW 자음 2종 세트(자음수/자음유액) + 쇼핑백/증정,"112,000원"
219,[미샤](20%+5%중복) 미샤/초공진 5월 가정의 달 선물대전 기획세트 up to 1+1 / 단독 특가 사은품까지,"72,000원"
220,[참존]쿠폰/사은품/참존) 탑클래스 리프팅 콜라겐 기초2종(스킨120ml 에멀전120ml) +추가 보습크림,"21,150원"
221,[스킨푸드](+15%쿠폰) 스킨푸드 BSD 단독 3천원 특가부터 앰플 1+1/패드/토마토 톤 업 선 2+1까지 BIG 혜택 맞이,"17,700원"
222,[셀퓨전씨](10%중복) 셀퓨전씨 3900원 ~ 베스트 썬크림 폼클렌저 패드 마스크팩 할인 모음전,"24,000원"
223,[비오템옴므](신세계강남점)G 아쿠아파워 올인원 200ml 세트 (+올인원 80ml 클렌저 40ml쇼핑백),"50,350원"
224,디올뷰티 어딕트 립 글로우 3.5g,"23,960원"
225,[설화수]설화수 NEW 탄력3종 세트(자음수/자음유액/탄력크림) + 쇼핑백/증정,"160,000원"
226,5월 에뛰드 단독 BIG 특가 기획전 UP TO 50%,"17,500원"
227,[온더바디]온더바디 코튼풋 발을씻자 풋샴푸 레몬향 본품 385ml 2개+ 레몬향 리필 500ml 2개,"18,400원"
228,[트리플에스](최종가 27680원) 약산성 탈모완화샴푸 1350ml+1350ml+100ml +두피브러쉬 증정,"36,900원"
229,1+1 노란통연고 상처 연고 흉터 지기전에 상처 흔적지우개 (2EA) 대용량 드디어 재입고~,"24,800원"
230,[라보에이치]라보에이치 탈모증상완화 샴푸 두피강화(400ml) 2입 +샴푸 112ml 1개 +보냉백 +메가커피 기프티콘,"34,190원"
231,[밀크바오밥]빅스마일 최종가19920원 어덜트 대용량 헤어바디 1+1 밀크바오밥 베이비키즈/샴푸/트리트먼트/워시/로션,"23,500원"
232,[해피바스]해피바스 필쏘굿 선샤인프리지아 / 굿나잇라벤더 760g 3개 +메가커피 기프티콘,"12,900원"
233,[에바스]로에랑스 퍼퓸 바디미스트/샤워코롱 250ml 1+1(+행사중),"12,400원"
234,[로리니크](15%)(2개사면+2개)로리니크 L04 단백질 헤어크림/트리트먼트/샴푸 모음 (05.07-05.10 한정 증정),"11,600원"
235,[에이지투웨니스]핑크다이아팩트 기획세트 23호 (케이스1+리필3+퍼프4),"40,900원"
236,[토니모리](+15%쿠폰)토니모리 BIG SALE UP TO 83% / 제비집 / 어성초시카 쿨링 크림/ 겟잇 틴트 / 버터 틴트,"18,600원"
237,[리엔]자연갈색)리엔 물들임 새치커버 샴푸450ml 2개+샴푸80ml 2개+트리트먼트80ml 4개,"24,900원"
238,4+1명품향 담은 향수15종득템 여성/남자향수 파격사은품,"11,900원"
239,[아이소이](20%+20%중복쿠폰)3000원~BSDx아이소이 메가세일 단독기획세트/최대50%할인+구매증정,"50,000원"
240,[센텔리안24]동국제약 마데카크림 시즌6 50ml x4개 센탈리안24,"35,400원"
241,[유세린]하이알루론 3X 아이크림 더블 기획세트,"91,800원"
242,[센텔리안24]동국제약 마데카 멜라캡쳐 앰플 맥스 MAX 시즌4 15mlx3개 기미앰플,"25,800원"
243,[세타필](중복+결제쿠폰으로 추가 가격할인) 세타필 대용량 로션 473ml 3개 + 증정,"38,430원"
244,[무궁화]무궁화 샤워때비누 900ml x 2개(사해+화산) + 설거지비누 2입 증정,"12,900원"
245,[포레스트스토리]아르간 오일 헤어에센스 (쿠폰가 11930원) 120ml x 2개+추가할인쿠폰 / 빅스 가정의달 행사,"15,900원"
246,[동성제약]미에뜰 순수 여성청결제 500ml 1+1 (쿠폰가 10800원 빅스행사) 자극없고 순한 청결제,"12,700원"
247,[포레스트스토리](15%+10%)B7 약산성 탈모 샴푸 선물세트 (쿠폰가 18900원) 1000ml+1000ml+10매+쇼핑백 / 빅스 가정의달 행사,"25,200원"
248,[미쟝센]미쟝센 샤이닝에센스 염색약 3개 컬러선택 (흑갈색/짙은갈색/갈색/자연갈색/밝은갈색/오렌지갈색 ),"12,900원"
249,[바이오가]바이오가 바이오틴 손상모발개선 탈모완화 샴푸,"27,500원"
250,[반코르]닥터 맥주효모 탈모완화 기능성 샴푸,"26,500원"
251,[세타필](중복쿠폰) 세타필 시어버터 로션 473ml 2개 +증정,"25,350원"
252,[참존]쿠폰/사은품/참존) 콘트롤크림 5세대 셀프마사지 150ml 1개 + 폼클렌저 추가 증정,"51,500원"
253,[려]우아채 멋내기 새치크림 4개,"21,590원"
254,[엘라스틴]엘라스틴 프로틴클리닉 고영양 샴푸 1000ml + 트리트먼트700ml,"16,800원"
255,[리엔]리엔 흑모비책 골드 흑갈색 90g 4개,"16,900원"
256,[더바디샵](20%+10%) 9100원~ 더바디샵 화이트머스크/진저/바디워시/바디로션/샴푸 세트모음,"46,000원"
257,[애경]애경 케라시스 퍼퓸샴푸 체리블라썸 1L(용기)X3개,"20,900원"
258,[헤라]헤라 NEW 블랙쿠션 본품+리필 21N/23N/21C,"66,600원"
259,[비바스]비바스 맥주효모 2X 컬링 에센스 150ml_3개,"17,900원"
260,[참존]쿠폰/사은품/참존) 톤업 멀티 선스틱 밤12g 2개 SPF50+ PA++++ 자연스러운톤업 유기자차 주름개선미백,"18,290원"
261,[더후](신세계강남점)환유 궁중문화후원 메세나 키트,"25,500원"
262,[설화수]설화수 NEW 윤조에센스 90ml 단품 기획세트 + 증정,"126,000원"
263,[바닐라코]1+1 바닐라코 클린잇제로 클렌징밤 오리지널 180ml,"36,000원"
264,[닥터라파]닥터라파알 맥주효모샴푸+탈모토닉 / 탈모집중 세트 2300ml,"18,700원"
265,[바세린](쿠폰가 11820원 1+1) 바세린 초특가 찬스 바디로션 바디워시 1000ml 외 BEST 특가찬스 핸드크림 풋크림,"13,900원"
266,[일리윤]G마켓 단독 기획 일리윤 수딩젤 2입 스페셜 세트 (175ml+30ml),"25,100원"
267,[터치미]알로에베라 알로에수딩젤 수분크림 1000ml 2개 (총2000ml),"14,500원"
268,[애경]케라시스 퍼퓸 바이올렛 로즈 샴푸 1L X 3개 +케라시스 클린노트 180ml 증정,"20,900원"
269,[로레알](15%+5%) 로레알 한소희 추천 염색약/국민헤어팩 외 Best상품 쿠폰+증정,"16,900원"
270,[뉴트로지나]뉴트로지나 데일리 바디 워시 950ml 2개 + 증정,"21,700원"
271,[온더바디]온더바디 코튼풋 발을씻자 풋샴푸 자몽향 본품 385ml 2개 + 자몽향 리필 500ml 2개,"18,900원"
272,[일리윤]일리윤 히알루론모이스춰 갓성비 크림 특별구성 300ml +로션50ml,"25,380원"
273,[리코셀]저자극 마일드 패밀리 썬크림 70ml 3개/SPF50+ PA+++/미백+주름+수분 3중기능성/유기자차베이스,"11,900원"
274,[우르오스](현대hmall) 우르오스 올인원 스킨밀크 200ml(중건성/지복합성),"24,350원"
275,[김정문알로에](대체출고1+1)(15+10%추가쿠폰+사은품) 김정문알로에 큐어 워터 스플래쉬 쿨링 선스틱 23g (제주에디션)1+1,"22,600원"
276,[시세이도](신세계강남점)단독 글로우 쿠션 리필+케이스 세트(+리필증정),"52,800원"
277,[려]탈모케어 자양윤모 대용량 지성 두피용 샴푸 총 1200ml +샴푸 180ml 1개,"25,440원"
278,[메디올(뷰티)](최대72%) 지현우PICK 메디올 두피샴푸 1+1+1+100ml (총 1000ml) +쇼핑백 증정 /트리트먼트/미스트/스케일링,"27,000원"
279,[페디슨]저자극 여성청결제 약산성 거품형/액상형 1+1(+행사중),"11,700원"
280,[일리윤]세라마이드아토 집중크림 500ML 2개 +아토 로션 50ml 2개 +스타벅스 기프티콘,"49,900원"
281,[미쟝센]미쟝센 로얄젤리 단백질 샴푸 1000ml 3개,"18,550원"
282,[헤드스파7](2+2)더 프리미엄 트리트먼트 210ml +증정)컬링에센스120ml,"32,800원"
283,[랑콤](신세계강남점)1+1용량 UV 엑스퍼트 50ml 세트,"86,240원"
284,[아트델리]아트델리 멜라컷 톤업 선크림 50ml x2,"25,180원"
285,[헤라]헤라 선 메이트 레포츠 프로 워터프루프 70ml 1개_MZ,"20,000원"
286,[에이지투웨니스]AGE20s 리본 쥬얼리 에디션 21호 본품1개 + 리필1개 + 미니립스틱 + 키링,"39,900원"
287,[아모스프로페셔널]1+1 아모스 녹차실감 샴푸액 지성(산뜻한 타입) 500g (무료배송),"35,200원"
288,[클로란](20%쿠폰+전구매증정) 퀴닌 샴푸 400ml2개+100ml+케이스,"27,000원"
289,[시투와이]쫀쫀한 모찌 클렌징폼 220ml 4개 폼클렌징 대용량,"15,900원"
290,[설화수]설화수 탄력 크림 75ml 1개입_MZ,"61,280원"
291,[해드앤숄더]헤드앤숄더 가려운 두피케어 샴푸 850ml 3개 + 사은품,"34,900원"
292,[세븐에이트]세븐에이트 새치 염색약 2개+1개더+염색도구 (흑갈색7호) / 최저가 빅스행사,"14,700원"
293,[바이오가]등드름 바디워시 베타인살리실레이트,"25,500원"
294,[해피바스]해피바스PH4.5약산성쑥버블여성청결제 2개 총 500g,"13,960원"
295,[구달]청귤 비타C 잡티세럼 더블시너지 세트 (세럼 30ml2+크림 40ml2+아이크림 15ml),"42,210원"
296,[해드앤숄더]헤드앤숄더 퍼퓸 프레쉬 샴푸 750ml 4개 + 사은품,"35,900원"
297,[려]려 루트젠 탈모전문케어 샴푸 여성 515ml+리필400ml + 샴푸 여성100ml +스카프 +쇼핑백 +싱글콘 기프티콘,"32,120원"
298,[닥터브로너스](쿠폰적용가43760원)닥터 브로너스 퓨어 캐스틸 솝 950mlx2개+펌프,"54,700원"
299,[온더바디]온더바디 발을씻자 코튼풋샴푸 자몽향 385ml 4개,"22,900원"
300,[김정문알로에](1+1)(15+10%추가쿠폰+사은품) 김정문알로에 큐어 에어라이트 UV쉴드 선스틱 20g 1+1 SPF50+ / PA++++,"23,900원"
301,[베베숲]베베숲 물티슈 최종가 20900원/고평량 물티슈 프라임 70평량 70매 캡 20팩,"32,150원"
302,[브라운(물티슈)]브라운 (최종가 20890원) 헤리티지 아기 물티슈 70매 캡형 10팩+10팩,"32,120원"
303,[팬콧]25%쿠폰가 5930~ 팬콧주니어 여름 역대 최대 할인 상하세트 팬츠 티셔츠 맨투맨 상하복 여름 반팔 반바지,"9,900원"
304,[버블트리]15%+10% 버블트리 여름 신상 스쿨룩 상하세트 상하복 맨투맨 아우터 팬츠 데님 원피스 특가전,"15,000원"
305,[베베쥬]15%+10% 쿠폰가 2700원~/전상품 무료배송/여름신상 오픈/등하원룩 데일리룩,"13,900원"
306,[슈퍼대디]아기물티슈 (단독 역대가 17990원) 물티슈 NEW시그니처 미스터펭 피치 캡형 70매 20팩 (70g) / 올해의 컬러,"25,690원"
307,[노스페이스키즈]노스페이스키즈 S/S BEST 반팔/자켓/모자/용품 모음전,"52,800원"
308,무배/15+10% 5족 5930원 여름커즈 봄양말신상/아동 유아 어린이 양말,"7,900원"
309,[바브키즈]바브키즈 여름상품 출시 상하복 모음,"13,200원"
310,국산 아동 주니어 유아 실내복 상하벌 내의 내복 잠옷,"6,900원"
311,[슈퍼대디]아기물티슈 70g 고평량 시그니처 미스터펭 민트 캡형 70매 20팩 (70g),"27,110원"
312,[인디고뱅크키즈]인디고키즈/오후 단하루 최대79% 여름득템특가,"8,000원"
313,[블랙야크키즈](신세계강남점)한겨울 푸퍼형 후드다운 남여공용 BKS오슬로M다운(정상가:249.000원),"98,100원"
314,[앤디애플](15%+10%)3970원부터~ 가정의달 초특가전 봄여름 베스트 디즈니 아동복 - 남아 여아 상하복/티셔츠/팬츠 외,"11,900원"
315,[체리블랑]단독특가 신상추가 주니어의류 상하복 새학기 초등학생옷,"9,900원"
316,[팸퍼스]팸퍼스 2024 에어차차 썸머팬티 기저귀 5단계 156매,"92,900원"
317,[슈퍼대디]슈퍼대디 기저귀 (NEW신상품 역대 8+1팩 59920원+사은품) 썸머 미스터펭 매직슬림 팬티 8팩 외 4팩 전라인,"102,400원"
318,[언더아머]언더아머 키즈 주니어 봄신상 아동복 티셔츠 트랙탑 상하세트 트랙팬츠 특가,"9,900원"
319,[그린핑거]그린핑거 야외놀이 워셔블 선크림 80mlX2개,"19,400원"
320,[베베앙]대용량 시그니처 아기물티슈 캡형 100매 10팩,"11,640원"
321,[젤리스푼]15+10%쿠폰 가정의 달 연휴특가+디즈니 신상업데이트,"10,900원"
322,[아이러브베베]75g고평량 시그니앙 오가든 20팩 캡형 엠보 아기물티슈 77매,"22,340원"
323,[행텐틴즈]행텐틴즈 본격 여름맞이 특가/티셔츠/셔츠/데님 외,"8,900원"
324,[알로봇](신세계하남점)와이드5부데님 (DMDL)13329-412-0304,"31,610원"
325,[아이러브베베]아이러브베베아기물티슈 핑크100매캡형X20팩,"15,200원"
326,(3천원대~) 탑텐키즈 | 여름 BEST 라운지세트/반팔티/반바지/셋업 특가,"5,760원"
327,[아이러브베베]아이러브베베 아이보리72매캡형X20팩 엠보싱 아기물티슈,"18,500원"
328,[코코비]15+10% 코코비 어린이날 단독특가 여름 상하복/티셔츠/팬츠/원피스 SALE,"11,900원"
329,[팸퍼스]팸퍼스 2024 에어차차 썸머팬티 기저귀 6단계 126매,"92,900원"
330,[하기스]하기스 네이처메이드 썸머 밴드/팬티 기저귀 2박스 모음전 2024,"131,300원"
331,(멜리코코)여름신상 전격 입고 키즈/등원룩/상하세트/상하복/남아여아 공용,"12,100원"
332,[리베로]리베로 기저귀 밴드형 팬티형 모음 +사은품,"83,100원"
333,[센스(물티슈)]물티슈 (대용량 대할인 12880원) 센스 악어 캡형 100매 20팩 우리집 생활 필수템/생활물티슈,"18,400원"
334,[하기스]NEW 하기스 네이처메이드 밤부 밴드/팬티 기저귀 2박스 모음전 2024,"117,400원"
335,[팸퍼스]팸퍼스 2024 베이비드라이 팬티형 기저귀 5단계 36매 X 4팩,"80,500원"
336,[그린핑거]그린핑거 야외놀이 선팩트블록 16gX2개,"21,500원"
337,[그리니]그리니 프리미엄 아기물티슈 그린 100매 x 10팩 캡형,"10,000원"
338,[슈퍼대디]아기물티슈 (82G최종 23940원) 엑설런트82 캡형 70매 20팩 (82g) / 저자극 행주급 두꺼운 물티슈,"34,200원"
339,[포켓몬스터](24년형) 포켓몬/뽀로로/핑크퐁 야광 키퍼링 썸머패치 썸머케어,"8,900원"
340,[블랙야크키즈]BKO라비5부세트 1BKSEM4903,"23,400원"
341,[산리오](15%+10%) 신상 산리오 샌들 8900원 디즈니 포켓몬스터 샌들 운동화 워터슈즈 슬리퍼 시나모롤 쿠로미,"8,900원"
342,[하기스]하기스 네이처메이드 썸머 밴드/팬티 기저귀 1박스 모음전 2024,"68,600원"
343,[키즈꼬모]키즈꼬모 시원한 여름신상 오픈 봄 시즌오프 나들이룩 등원룩 반팔 상하복 세트 특가전,"10,530원"
344,(제이비스타일) 15%+10%쿠폰 힙스타일 초등중등 주니어코디 봄 여름 1DAY특가,"13,900원"
345,[월튼키즈]10+15%쿠폰할인/24여름신상오픈단독특가/상하복/원피스/데님팬츠 외 1개만 사도 무배~,"10,900원"
346,[팸퍼스]팸퍼스 에어차차 썸머팬티 기저귀 2박스 모음(에어차차/베이비드라이/터치오브네이처)+스타벅스1만원증정,"182,900원"
347,[슈퍼대디]슈퍼대디 (한정 21980원) 시그니처77 70매 20팩(77g)/저자극 수분촉촉 넓은,"31,400원"
348,[노브랜드]노브랜드 도톰한 물티슈 100매 X 20개입,"21,000원"
349,[헤이미니](15%+10%)3970원부터~ 가정의달 초특가전 아동복 베스트 - 여아 남아 상하복/티셔츠/팬츠/원피스/레깅스 외,"11,900원"
350,[비버리힐스폴로클럽 키즈]25% 폴로클럽 여름 빅스세일 반팔티셔츠 반바지 원피스 전상품 무료배송,"11,900원"
351,[양말폭탄]5켤레 3900원~ 봄 여름 메시 덧신 스니커즈 중목 15%+10% 쿠폰 중복할인 사은품증정,"3,900원"
352,[크리넥스]크리넥스 마이비데 클린케어 50매 X 12팩 화장실용 비데물티슈,"21,000원"
353,[미엘(리빙)]미엘 클래식 엠보싱 물티슈 100매 캡형 20팩 정직한평량,"22,500원"
354,[엘로엘]모바일 24년 최신상 엘로엘 팡팡 빅 선쿠션 본품 25g x 4개 + 리필 25g x 4개 + 미니 8g 2개,"100,620원"
355,[블랙야크키즈]블랙야크키즈 5월 가정의 달 행사 최대 79 할인,"24,000원"
356,[팸퍼스]팸퍼스 2024 에어차차 썸머팬티 기저귀 4단계 180매,"92,900원"
357,[나비잠]나비잠 울트라씬듀얼핏 썸머팬티 6팩,"54,810원"
358,[압타밀](최신제조)압타밀 프로푸트라 2단계 분유 800g x 6통 o / 유통기한 1년이상,"244,000원"
359,[미엘(리빙)]미엘 클래식 물티슈 100매 캡형 20팩 정직한평량,"25,500원"
360,[하기스](2+1)하기스 맥스드라이팬티특5단계 공용 34매,"37,800원"
361,[팸퍼스]팸퍼스 에어차차 썸머팬티 기저귀 4/5/6단계 3팩 모음(에어차차/베이비드라이/통잠팬티/터치오브네이처),"95,900원"
362,[리안]18만+3%적립/단이틀)리안 드림콧 신생아 유아 아기침대 + 포토리뷰작성 방수커버사은품,"212,000원"
363,여름 신상 15+10% 주니어 여아 의류 초등 학생 아동복,"14,900원"
364,[블루독](신세계강남점)올여름최강더위블루독에어리즘 쿨반팔2종세트 (화이트+민트)(옐로우+블루) 정가52000원,"23,400원"
365,[더블하트]빅스20%+18%)더블하트 젖꼭지 4개/6개/8개 모유실감 3세대,"34,800원"
366,[젤리스푼]쿠폰가4950~ 젤리스푼 여름코디 인기아이템+디즈니 여름신상 15+10%쿠폰,"10,900원"
367,[노브랜드]노브랜드 도톰한 물티슈 100매,980원
368,[베베숲]베베숲 프라임 20매 캡 휴대 12팩 70gsm/가방에 쏙 휴대물티슈,"10,570원"
369,[압타밀](최신제조)압타밀 프로푸트라 1단계 분유 800g X 6통 o / 유통기한 1년이상,"244,000원"
370,[디스커버리키즈](신세계김해점)40%세일 여름용 경량 에센셜 바람막이(DKWJ61033),"70,130원"
371,알럽키즈 주니어 아동 잠옷 실내복 파자마 홈웨어 남아 여아 초등 키즈 어린이,"10,000원"
372,[팸퍼스]팸퍼스 2024 베이비드라이 6단계 팬티형 기저귀 30p 4팩,"80,500원"
373,[블루독](신세계타임스퀘어점패션관)베이직우븐바지3종중택123375-412-01/02/03(GN/BE/NY),"30,450원"
374,[크리넥스]크리넥스 마이비데 클린케어 46매 X 12팩 화장실용 비데물티슈,"19,800원"
375,[팸퍼스]팸퍼스 통잠팬티 기저귀 5단계 1박스,"59,900원"
376,[미엘(리빙)]미엘 시그니처 물티슈 100매 캡형 20팩 평량 55g,"22,900원"
377,[코디]코디 소프트 터치 물티슈 캡형 100매 20팩,"18,500원"
378,[닥터제니]1450 고불소 주니어치약 4개 (사과자두+오렌지+샤인머스켓+라즈베리),"25,880원"
379,(더 영스터)(신세계센텀점)폴햄키즈 공용 홑겹 솔리드 바람막이 점퍼 6종 택1 PKD2JJ3030,"10,930원"
380,[크록스](신세계강남점)크록스 바야 클로그 K 207013-100,"30,460원"
381,[나비잠]나비잠 울트라씬듀얼핏 팬티 6팩,"56,010원"
382,[하기스](2+1)하기스 네이처메이드팬티특5단계공용 34매,"41,300원"
383,[폴햄키즈]본사공식 폴햄키즈 15%+10%쿠폰 반팔티 쿠폰가 2930 외 인기아이템 모음전,"13,900원"
384,국산 무형광 유아.아동.주니어 내의/내복/실내복/잠옷,"7,900원"
385,[베베숲]75평량 물티슈 프라임플러스 20팩 70매 캡 도톰한 저자극 아기물티슈,"34,000원"
386,[블랙야크키즈]BKM판다르자켓1BKJKM4903,"38,220원"
387,[두리]3.1만)두리 3.0 바오 BAO 무소음 유아변기커버+디딤대상단+휴대물티슈 2팩 외 배변용품 BEST 모음,"36,400원"
388,[트라이](15+10%쿠폰) 아동팬티 5매입 1+1/아동속옷/아동런닝/유아/남아/여아/드로즈/삼각/사각/팬티/초등학생,"9,900원"
389,[팸퍼스]팸퍼스 기저귀 2박스 모음전 +스타벅스5천원권증정(베이비드라이 통잠팬티 터치오브네이처),"156,900원"
390,[하기스](2+1)하기스 맥스드라이밴드3단계 공용 72매,"45,900원"
391,[그린핑거]그린핑거 야외놀이 선크림 파워블록 80ml x2개,"20,500원"
392,[베베쥬]베베쥬 15%+10% 쿠폰가 1990~/전상품 무배/여름 신상 오픈/등원룩 데일리룩 상하복,"15,300원"
393,[푸고]푸고 프리미엄 뉴트럴 유아용 텀블러 TKFF-280,"31,000원"
394,[베베앙(물티슈)]최종가 19980원 / 고평량 로얄 물티슈 75g 70매 캡 20팩,"23,500원"
395,[베베숲]베베숲 트러스트 플러스 엠보싱 물티슈 캡형 80매 20팩,"23,780원"
396,베리메이 24여름신상베스트 원데이특가/상하복/원피스 외 / 1개만사도 무배,"9,900원"
397,[베베숲]고객만족 평가 98점 베베숲프리미어 물티슈 70매 캡 20팩,"35,070원"
398,[존슨즈베이비]존슨즈 베드타임 로션 500ml 2개 +증정 액티브키즈 바스 1L,"23,900원"
399,[하기스](2+1)하기스 맥스드라이팬티4단계 공용 42매,"37,800원"
400,[또래친구]주니보이즈 여름신상 균일가 29종 주니어 상하복/세트/운동복/트레이닝복/초등학생옷/중학생/스쿨패션,"24,780원"
401,[롯데칠성]펩시콜라 제로 210ml x 60캔 (30캔 2박스),"38,000원"
402,[오뚜기]오뚜기 맛있는 밥 30입(210g30개입),"27,000원"
403,[제스프리]15%+10%쿠폰) 제스프리 슈퍼점보 썬 골드키위 1.8kg(개당 180g내외) 공식인증 맛젤,"27,500원"
404,[소문난삼부자김]15+7%) 소문난오부자 재래도시락김5g 72봉 5월 7일 단하루,"21,900원"
405,[농협](행사상품)믿고먹는 농협안심쌀 20KG 포,"47,900원"
406,[농심]신라면+안성탕면+너구리+짜파게티 20봉,"20,500원"
407,[롯데칠성]펩시콜라 제로슈거 라임 355ml 48캔,"42,000원"
408,[롯데칠성]펩시제로 라임향 제로카페인 355ml 24캔,"23,000원"
409,[비비고]비비고 왕교자 1.4KG x2,"22,530원"
410,[한성기업]쿠폰가12960원) 한성기업 크래미 몬스터크랩 72g X 15개 (2세트 구매시 1000원 추가할인),"16,200원"
411,[오뚜기]오뚜기 진라면 매운맛 멀티팩(120g x 5개입) x 8팩(총40개입),"24,000원"
412,15%+5%쿠폰) 대추방울토마토 3~4번과 2kg /2세트 주문시 5kg발송,"16,900원"
413,5kg 알뜰형 랜덤과 달달한 성주참외 좋은품질 저렴히 드립니다.,"18,950원"
414,이맛쌀 20kg,"46,910원"
415,(15%+5%) 대서양 왕 큰 두툼갈치 (4토막) x 3팩 1봉지 1.1kg총 12토막,"17,900원"
416,[참닭]참닭 춘천형 닭갈비 700g x 4팩,"21,200원"
417,(15%+5%)그린라벨 국내산 100% 얼갈이 겉절이 3kg,"18,900원"
418,[농협](20%+10%) (농협쌀/삼광/상) 한토래 단일품종 삼광쌀 20kg / 2023년산 햅쌀,"59,900원"
419,[스파클]스파클생수 2리터 30병 + 빈병회수바구니/무라벨생수,"15,440원"
420,[동원에프앤비]동원 라이트 스탠다드 참치 150g 원터치 12개,"28,990원"
421,이마트USA) 못난이 오렌지 캘리포니아산 대과 30과~35과(8KG/1BOX) 무료배송,"39,800원"
422,[금강만두]금강만두 육개장 630g x5봉,"24,300원"
423,[농심]안성탕면 125g 5입X8개(총40개),"37,900원"
424,[햇반]햇반 210g x24입,"25,080원"
425,이마트USA ) 못난이 오렌지 캘리포니아산 중과 38과~42과(8KG/1BOX) 무료배송,"39,800원"
426,[서울우유]멸균우유 (1+1) 200ml 24입x2 (2박스),"24,490원"
427,[남도장터](15%+10%) 늘해랑 산지직송 황토 꿀고구마 특상 5kg,"21,000원"
428,[호정가]호정가 옛날도나스 (16개입) / 달콤하고 부드러운 추억의 전통과자,"13,900원"
429,[서울우유]멸균우유 (1+1) 1000ml 10입x2 (2박스),"26,350원"
430,[오늘한끼]오늘한끼 시즌2 도시락 6종 12팩 +볶음밥200g 증정,"25,800원"
431,[떡보의하루]영양찰떡40개 45gX40개 아침식사대용 선물세트 (어버이날 카네이션 감사카드 동봉),"25,900원"
432,[락토핏]유산균 락토핏 골드 50포 6통 (300일분) +증정,"59,900원"
433,항공직송 마하차녹 햇 생망고 4kg내외(8-12과),"33,300원"
434,[맘스케이크]맘스케이크 우리밀 카스테라 30gx20개 / 5가지맛 10개 1+1 아이들 사무실 간식 선물로도 좋아요,"11,600원"
435,[해듬뿍](15%+5000원) 완도 전복 활전복 특대전복 6-8미 1KG 선물 횟감용 쿠폰가29940원,"41,100원"
436,[스파클]10% 스파클생수 500ml 100병 (도착보장/무라벨생수),"17,800원"
437,[스팸]본사배송 스팸 클래식 200G x 10개,"23,910원"
438,[롯데칠성]레쓰비 마일드 캔커피 175ml x 60캔,"27,500원"
439,[코카콜라]코카콜라 190ml x 60CAN,"43,800원"
440,[프레시누리]17480원)청정우 차돌박이 250gX4팩(3초구이 샤브용)/2set 구매시 사골우거지국 증정,"22,400원"
441,[스파클]10% 스파클생수 2L 30병 (도착보장/무라벨생수),"15,440원"
442,[피코크]피코크 떡갈비 450gx6팩,"34,600원"
443,전라도할매 국내산 원재료 100% 프리미엄 파말랭이 1kg,"14,900원"
444,[코카콜라 제로]코카콜라 제로 체리 355ml 24개 1박스,"24,900원"
445,[농심]신라면 5입+너구리 5입+짜파게티5입+배홍동 4입 (총 19봉),"20,600원"
446,[티젠]티젠 콤부차 30스틱 택1 + 체험팩증정,"9,900원"
447,[비비고]비비고 사골곰탕 500g 18개,"19,980원"
448,[맥심](행사상품)동서 모카골드믹스 230T 2760G,"28,750원"
449,[아침농산]2023년 햅쌀 농부의아침 쌀10kg 백미 상등급 밥맛 좋은 쌀,"27,810원"
450,[햇반]CJ 햇반 210g 36개 1박스,"36,130원"
451,[연세두유]보리보리/연세두유연세 뼈를 생각한 고칼슘두유 ++ 180ml x 96팩,"27,810원"
452,성주꿀참외 가정용5kg(실중량4.5kg)포장재무게포함 과수랜덤,"15,900원"
453,뉴질랜드 단호박 직수입 밤호박 5kg,"22,800원"
454,[빙그레]붕어싸만코 /빵또아 6종 40개 골라담기 +구매기프트,"29,990원"
455,[정관장]정관장 홍삼진고 데일리스틱(10gx20포) 200g (쇼핑백동봉),"27,810원"
456,2023년산이맛쌀 10kg,"24,610원"
457,여수사나이 국내산 돌산갓김치 1.5kg 남도김치 산지직송 당일생산,"10,900원"
458,(쌀가게)(신세계본점)주문폭증/순차출고2023년산 쌀가게 수향미 (특등급) 10kg,"39,510원"
459,15%+10%쿠폰) 스테비아 대추방울 토마토 토망고 500gX4팩,"22,900원"
460,오늘 반찬은 신선한란 30구 (대란),"8,490원"
461,[스타벅스]스타벅스 캡슐커피 by 네스프레소 5박스(50캡슐) /2세트 그린 리유저블3P 증정 /3세트 스벅 보냉백 증정,"34,000원"
462,15%+5%쿠폰)제주 산지직송 달콤한 고당도 어글리 몬난이카라향 2.5kg 실중량(혼합과)한정수량,"19,500원"
463,[아이클리어]아이클리어 루테인 지아잔틴 6박스 (6개월분) +증정,"44,100원"
464,[오뚜기]오뚜기 맛있는 밥 24입(210g24개입),"21,890원"
465,[햇반]햇반 백미 작은공기 130g 36입,"25,830원"
466,[으뜸한돈]15930원)한돈 냉장 삼겹500g+목살500g/구이용/1등급,"19,900원"
467,[맛세권]15%+5%쿠폰) 망고향 스테비아 방울토마토 레드 스윗마토 2kg 세척 당일생산,"22,900원"
468,[오쏘몰]2개 오쏘몰 이뮨 드링크 정제 30일 총 60일분,"186,900원"
469,(3개세트)레오나르디 모데나산 콘디멘토 화이트 발사믹 250ml G4750,"54,000원"
470,[제스프리]15%+10%쿠폰) 제스프리 점보 골드키위 12입 1.8kg 내외,"25,900원"
471,[청해명가]15+5%) 청해명가 오징어 백진미채 국내가공 1kg / 5월7일 단하루,"21,900원"
472,천연간식 새콤 달콤한 아이스망고바 20개,"15,900원"
473,(전단상품)신선특란 30입 1800G,"6,990원"
474,[제주삼다수]제주삼다수 500ml 40병 /생수전문배송 (유라벨/무라벨 랜덤출고),"19,200원"
475,[삼양]삼양 삼양라면 120g 40개 (8팩/1박스),"22,900원"
476,[미미스상회]쑥향가득 콩고물쑥떡 (60gX30개) 떡,"13,200원"
477,[고메]소바바치킨 양념 순살 2 + 오리지날 순살 2,"26,780원"
478,[올반키친]올반 찰핫도그15봉+크런치핫도그15봉,"33,300원"
479,속초식 명태회무침 1kg 냉면 고명 수육 명태회 초무침,"22,230원"
480,[고려은단]비타민C 1000 600정 X 1개 (20개월분),"42,900원"
481,(15%+20%)당근 국내산 중(생식및주스용) 2kg 수량2개구매시 5kg발송 (쿠폰 6850원),"10,520원"
482,[사조해표]사조해표 콩기름 1.8L x 3병,"19,100원"
483,[햇반]햇반흑미밥210gx6+매일잡곡밥210gx6+현미쌀밥 210Gx6,"22,530원"
484,[보성농협]2023년 햅쌀 보성다향미 쌀20kg 상등급 백미 당일도정 쌀유목민정착쌀,"54,600원"
485,냉장/호주산 와규 바로구이 400g,"26,500원"
486,피코크 조선호텔 포기김치 8kg (100년 역사 조선호텔 프리미엄 김치),"55,170원"
487,한우 불고기 1등급 600g(300gx2팩)/농협안심한우,"22,500원"
488,[파스퇴르]파스퇴르 무항생제 바른목장우유 190mL48팩,"34,500원"
489,HACCP인증시설 우리 농산물로 만든 중부식 배추김치 (포기김치) 10kg,"34,900원"
490,[비비고]비비고 왕교자1.05kg 3개,"25,930원"
491,[서울우유]멸균우유 1000ml x 10입 (1박스),"20,950원"
492,15%+10%쿠폰) 오늘 아침에 손질한 국내산 냉장 오리슬라이스 1kg,"22,000원"
493,[대아씨푸드]국내산 여수 반건조 삼치 8미 (1미당 300-390g) / 실속형 / 손질생선,"23,500원"
494,[제주삼다수]삼다수 2L 24펫(유라벨/무라벨 랜덤출고),"25,920원"
495,(행사상품)농협프리미엄 예천미소진미 10KG 포,"26,900원"
496,서래푸드 구운아몬드 1kg 캘리포니아 23년산,"16,700원"
497,(15%)마늘귀신 경북 의성 다진마늘 꼭지제거 2KG (1KG x 2개) 쿠폰 11450원,"15,280원"
498,[농심]신라면 5입X8개 총40개,"39,900원"
499,안주 간식 쫄쫄이 오징어 건오징어 마른오징어 300g (6-10미),"26,900원"
500,[롯데칠성]칠성사이다 제로 210ml 60캔,"38,000원"
501,[베베숲]베베숲 물티슈 최종가 20900원/고평량 물티슈 프라임 70평량 70매 캡 20팩,"32,150원"
502,[브라운(물티슈)]브라운 (최종가 20890원) 헤리티지 아기 물티슈 70매 캡형 10팩+10팩,"32,120원"
503,[시크릿데이]생리대 (최대 74%할인 12880원+증정) 블랙 중형+대형 6팩+여름세트 증정(롱라20P+중형 6P) 유기농 미피 러브,"18,400원"
504,[모던하우스]엘레강트 타원돔 S/L 택1 외 시크 감성 주방용품 BEST,"9,300원"
505,[크리넥스]크리넥스 3겹 데코앤소프트 33MX24롤 2팩 두루마리 화장지 휴지,"41,000원"
506,[깨끗한나라]깨끗한나라 순수시그니처 화장지 브라운 30m 30롤 2팩 + 키친타올 증정 + 스마일캐시 적립,"41,300원"
507,[키친아트]키친아트 스텐 깊은 이중면기 4P + 젓가락 4벌 세트 냉면기 탕기 떡국 그릇,"14,900원"
508,[슈퍼대디]아기물티슈 (단독 역대가 17990원) 물티슈 NEW시그니처 미스터펭 피치 캡형 70매 20팩 (70g) / 올해의 컬러,"25,690원"
509,[아토세이프]귀찮아 습기제거제 520ml 24개입/제습제/장마철필수품,"21,900원"
510,[순수나라렛츠클린](20%+15%) 렛츠클린 물걸레청소포 대형 30매5팩(총150매) 고급형 엠보싱 베이킹소다 항균 _BSD 단독 초특가,"10,620원"
511,[슈퍼대디]아기물티슈 70g 고평량 시그니처 미스터펭 민트 캡형 70매 20팩 (70g),"27,110원"
512,[미래생활]잘풀리는집 순수PURE천연펄프 25m 30롤 x 3팩 휴지 (무형광 안심제품),"32,900원"
513,[엘에이](쿠폰가15220원) 엘에이 올인원 캡슐세탁세제 핑크/그린 30개입x3 (총90개입),"17,900원"
514,높이조절 아크릴 투명독서대 노트북 거치대 프리미엄 독서대,"25,850원"
515,[잘풀리는집]잘풀리는집 순수 프리미엄 30M 30롤 2팩/ 무형광안심제품,"30,900원"
516,[리벤스]자우버탁 사선컷팅 돌돌이 테이프클리너 리필 15롤 (3롤x5봉지) 대용량 돌돌이,"12,900원"
517,[크리넥스]3겹 울트라클린 더블롱 27MX30롤 2팩 화장지 휴지,"36,300원"
518,[테팔]테팔 인덕션 원픽냄비팬 22cm_2종 택1 (5/7(화) 라이브 상반기 결산),"35,700원"
519,[코디]코디 순수 3겹 데코 30Mx30롤x3팩 화장지 휴지,"31,400원"
520,[베베앙]대용량 시그니처 아기물티슈 캡형 100매 10팩,"11,640원"
521,만능 올스텐 2in1 감자필러채칼 1개 + 양배추 채칼 1개 무료배송,"8,200원"
522,[겔업]겔업 고농축 액체세제 2.5L x 4개 세탁세제 총10000ml,"9,900원"
523,[피죤]액체세제 대용량 액츠 수퍼클린 찌든때 5.7L 2개 겸용,"24,900원"
524,[아이러브베베]75g고평량 시그니앙 오가든 20팩 캡형 엠보 아기물티슈 77매,"22,340원"
525,[센소다인](15%+10%)센소다인 오리지날 플러스2개+후레쉬 2개+멀티케어 2개 치약 최종 21600원(5/7~8 칫솔케이스 증정),"28,800원"
526,[동국제약]마데카솔 연고 2개 + 스팟패치 선택 베스트셀러 (연고 밴드 스팟패치 모음전)/상반기 최대혜택,"14,000원"
527,[코디]블루 3겹 데코 27m 30롤 3팩 (쿠폰가 29850),"39,800원"
528,[바이마르]바이마르 대용량 스텐304 점보 곰솥 15L,"27,900원"
529,[다우니]다우니 대용량 고농축 섬유유연제 아로마플로럴 8.5L 피앤지공식,"35,500원"
530,[리빙굿]쌀벌레제거제 6개 /리빙굿,"6,900원"
531,[모나리자]모나리자 미용티슈 300매 6입 2개 총12개 각티슈,"30,000원"
532,[메디안]용량 25% UP 치석치약 오리지널 150G 3입 4세트 (총 12개),"21,790원"
533,[아이러브베베]아이러브베베아기물티슈 핑크100매캡형X20팩,"15,200원"
534,[헬로]헬로 소프트클린 3겹 천연펄프 화장지 27m 30롤 3팩 출시기념특별 프로모션,"32,800원"
535,[애경]리큐 얼룩제거 올인원 일반용 2.1L 4개 + 사은품,"21,400원"
536,[홈스타]홈스타 맥스프레쉬 뿌리는 곰팡이싹 500ML 4개,"10,900원"
537,[아이러브베베]아이러브베베 아이보리72매캡형X20팩 엠보싱 아기물티슈,"18,500원"
538,[뉴트리나]프라임캣 에코 20kg 대용량 길고양이사료 길냥이밥 뉴트리나 프라임,"35,460원"
539,[브론디]브론디 365데코 3겹 천연펄프 롤화장지 30m 30롤 3팩 행사특가,"35,200원"
540,[다우니]다우니 엑스퍼트 실내건조 초고농축 섬유유연제 1L 6개 + 사은품,"40,900원"
541,[순수한면]단독 100P특가/14950원/순수한면 생리대 제로 중형 16P x 6팩+4P(+복수구매 추가증정),"23,000원"
542,[센스(물티슈)]물티슈 (대용량 대할인 12880원) 센스 악어 캡형 100매 20팩 우리집 생활 필수템/생활물티슈,"18,400원"
543,필립스 알카라인 AA건전지 40개입,"13,990원"
544,[리스테린]리스테린 쿨민트 마우스워시 750ml 4개 + 증정,"24,900원"
545,[그리니]그리니 프리미엄 아기물티슈 그린 100매 x 10팩 캡형,"10,000원"
546,[센소다인]오리지날 플러스 치약 100g x6개 최종 19430원(5/7~8 칫솔케이스 증정),"25,900원"
547,[슈퍼대디]아기물티슈 (82G최종 23940원) 엑설런트82 캡형 70매 20팩 (82g) / 저자극 행주급 두꺼운 물티슈,"34,200원"
548,[테리파머]무형광 호텔수건 자카드 수건 10장 수건세트 타올 타월 세면타올 호텔타올 호텔타월 목욕,"30,900원"
549,[아르떼]아르떼 KF94 새부리형 국산 마스크 대형 소형 초소형 키즈 컬러 식약처인증 개별포장,"17,900원"
550,[퐁퐁]퐁퐁 주방세제 베이킹소다 3000ML 4개,"25,900원"
551,[피죤]고농축 향균섬유유연제 보타닉 1Lx2개+1600MLx2개P+핸드크림,"16,500원"
552,[테리파머]고중량 국민 선물 호텔수건 625gsm 수건 10장 타월 타올 수건세트 호텔타올 호텔타월 세면수건 목욕수건,"36,500원"
553,[피죤]피죤 섬유유연제 3100ml 4개 핑크로즈,"18,900원"
554,[인블룸]인블룸 아이보리 4종 주방칼 칼꽂이 세트,"15,900원"
555,[프로쉬]독일 프로쉬 식기세척기세제 30개입 4개+사은품 3종 구성,"49,410원"
556,디유 극세사 폭신 메모리폼 주방 매트 거실 쇼파 욕실 (3컬러) 발매트1p+1p / 주방매트1P,"14,530원"
557,[슈퍼대디]슈퍼대디 (한정 21980원) 시그니처77 70매 20팩(77g)/저자극 수분촉촉 넓은,"31,400원"
558,[라엘]내추럴 무표백 순면생리대 7팩,"23,300원"
559,[깨끗한나라]깨끗한나라 촉앤감케어 와이드 30m 30롤 1팩,"29,900원"
560,[커클랜드]코스트코 커클랜드 프리미엄 화장지 3겹 30롤 2개 롤휴지 두루마리,"47,600원"
561,[노브랜드]노브랜드 도톰한 물티슈 100매 X 20개입,"21,000원"
562,오늘출발 야미야미 순닭가슴살 오리지날 22g100개 (1박스),"21,140원"
563,[캐츠랑]무배/박스포장 캐츠랑 전연령 업그레이드 20kg,"47,910원"
564,[샤프란]샤프란 아우라 섬유유연제 윌유메리미 5.5L + 섬유유연제 680ml,"17,900원"
565,[브리타]막스트라 플러스 필터 3입,"25,290원"
566,(신세계 규격)(신세계의정부점)깨끗한나라 순수프리미엄 30m30롤 3팩,"59,220원"
567,[크리넥스]크리넥스 마이비데 클린케어 50매 X 12팩 화장실용 비데물티슈,"21,000원"
568,[미엘(리빙)]미엘 클래식 엠보싱 물티슈 100매 캡형 20팩 정직한평량,"22,500원"
569,[테팔]매직핸즈 어라운드 코펠 8P세트 (전용가방포함) 5/7(화) 라이브 상반기 결산,"109,000원"
570,[쉬크]쉬크 하이드로5 파워셀렉트 날14입+면도기 + 증정)쉐이브젤 199g,"33,900원"
571,[페리오]페리오 뉴후레쉬 알파 170g 16개,"17,900원"
572,[깨끗한나라]깨끗한나라 순수 프리미엄 27m 30롤 2팩 (107mm 광폭) + 메가커피 증정,"45,500원"
573,[다우니]다우니 퍼퓸 블랙 미스티크 향 1L 4개 + 사은품,"25,900원"
574,[퍼실]퍼실 라벤더 듀얼(드럼/일반 겸용) 2.7L x4개 세탁세제 + 라벤더 300ml x 2개 증정,"68,000원"
575,[크리넥스]크리넥스 울트라클린 화이트 비데 3겹 30MX30롤 3팩 두루마리 화장지 휴지,"53,600원"
576,[비트](일반/드럼 겸용) 비트 딥클린파워 액체세제 4L 용기 X 3,"30,460원"
577,[온더바디]세꼼마 핸드워시 3.5L 레몬향 + 증정) 공병 2개,"27,900원"
578,[쿤달]쿤달 소프트 앤 클린 항균 이중미세모 칫솔 부드러운모 12개입 세트,"19,500원"
579,[테리파머]3겹 뽑아쓰는 키친타올 100매 X 9팩 더커진 무형광 천연펄프 100% 키친타월 주방용품,"11,900원"
580,봄비 장마비 맞지말고 톡톡 원터치 3단우산 포켓우산 장우산 모음 봄비 우산 접이식우산 장우산,"8,800원"
581,[다우니]다우니 프리미엄 세탁세제 액체형 실내건조 2.8L 2개 + 사은품,"41,900원"
582,[브프캣]브프캣 20kg 길고양이 길냥이 대용량 사료 펠리코,"34,300원"
583,[미엘(리빙)]미엘 클래식 물티슈 100매 캡형 20팩 정직한평량,"25,500원"
584,[하비비]청개구리 그린케어 변기 세정제 6개 (12개월분),"20,400원"
585,전국 택배배송 생화 카네이션꽃바구니 3종 꽃배달 어버이날 스승의날선물,"45,830원"
586,[나무야나무야]잘풀리는집 나무야나무야 도톰한3겹 순수 27m 30롤 3팩,"35,900원"
587,[테크]테크 베이킹구연산 액체세제 일반 리필 1.8L 4개,"19,900원"
588,우드탑 슬림 5단 투명 서랍장 (베이지+투명),"25,900원"
589,[테팔]테팔 IH 에센스쿡 인덕션 후라이팬 30cm 5/7(화) 라이브 상반기 결산,"42,700원"
590,[천하제일]천하제일 풍월 대용량 개사료 15kg (사은품),"32,900원"
591,SAMSUNG 삼성 HAF-HIN 비스포크 정수기필터,"114,660원"
592,[한예지]한예지 클린앤소프트 천연펄프 3겹 화장지 휴지 30m 30롤 3팩,"41,200원"
593,[피죤]고농축피죤 보타닉 항균 5.7L 베르가못로즈 2개 +사은품 액츠 퍼펙트 실내건조 캡슐,"34,900원"
594,[아우라]아우라 생화캡슐 섬유유연제 1L 3종(로즈릴리머스크),"15,900원"
595,[크리넥스](신세계 규격)(신세계의정부점)크리넥스 데코소프트 와이드 35m24롤 2팩,"55,180원"
596,[다우니]다우니 생화향기 미스티크 초고농축 섬유유연제 1L 6개 + 사은품,"40,900원"
597,[코디]코디 순수 3겹 데코 두루마리 휴지 화장지 30M 30롤 X 3개,"31,400원"
598,[소다스쿨]순수한 과탄산소다 100 특대용량 7kg / 산소계 표백제,"13,900원"
599,[노브랜드]노브랜드 도톰한 물티슈 100매,980원
600,[좋은느낌]좋은느낌 유기농 생리대 울트라 소형/중형/대형/오버나이트/수퍼롱/팬티라이너 모음전 4EA,"19,900원"
601,라텍스 냉감 침대패드 여름용 쿨 매트 침대요 베개커버 세트,"19,000원"
602,[르헤브]최다구성 2+2 피톤치드 항균 베개솜 지퍼형 베개솜 경추베개 베개커버,"14,800원"
603,[코코도르]쿠폰가 14330원 W라벨 200ml X 4개 + 라벤더DIY 대용량 디퓨저 코코도르,"17,900원"
604,[모던하우스]재입고 땅콩형 메모리폼베개 2P세트 외 BEST베개/쿠션/침구 시리즈 베스트셀러 땅콩베개 리오더입고,"18,900원"
605,당일출고) 봄맞이 1+1+1 플라워 빨아쓰는 규조토 발매트 플로럴 트랜디한 3D 일러스트 신상,"8,900원"
606,사계절 누빔 침대패드 누빔패드 침대요 친환경 면 배이직 침대커버 고무밴딩,"15,480원"
607,[벨리에르]홈쇼핑신상-한정수량 몽글몽글 구름 항균 피그먼트 밴딩 토퍼 패드 5color,"14,900원"
608,[이블랑]침대고정패드 싱글 라지킹 패밀리 맞춤제작 시어서커/인견/피그먼트/순면/모달,"17,900원"
609,[르미에]1+1+1 르미에 뚜껑없는 라지자 3개 방향제 양초 향초 캔들워머 캔들,"17,900원"
610,[더플레오]여름침구 프리미엄 워싱 자카드 스프레드+베개커버세트(균일가) 인견/냉감/피그먼트 침구 한정수량 특가,"20,800원"
611,[코코도르]대용량 디퓨저 리필액 500ml X 4개+스틱 증정 코코도르,"23,900원"
612,[베네베딩](25%쿠폰)더쉼 침대 매트리스 방수커버 패드 (진드기/빈대 차단),"7,750원"
613,[이블랑]부드러운 푸딩 옥수수솜 워싱 간절기 여름이불 단품/세트 16colors,"31,900원"
614,[애프터식스]온오프 최저가 1+1 피톤치드 항균 호텔 지퍼형 구름 베개솜/ 경추 마이크로화이바 솜베개 4060 5070,"8,900원"
615,[듀오백]듀오백 이지풋 2단 발받침,"39,000원"
616,[카멜마운트]핏쳐 이동형 수동식 양방향 각도조절 사이드 테이블 TS2,"134,000원"
617,[이블랑]여름 시어서커 인견 홑이불 피그먼트 여름이불 싱글 퀸 킹,"13,500원"
618,[코코도르](생화 증정)카네이션 디퓨저 200ml X 4개 생화카네이션1P + 쇼핑백1P 코코도르,"19,900원"
619,코튼베딩 1+1 복수할인 데일리 프링글 베개커버 사계절 베개솜 베개,"5,900원"
620,[코코도르](생화 증정) 카네이션 디퓨저 200ml X 2개 + 생화카네이션 1P + 쇼핑백1P 코코도르,"10,900원"
621,(카드25.6만) 브라보 BR-200C 외 MEGA Q7+ 인기의자 특가전+상품권,"383,000원"
622,[코코도르]신향 디퓨저 200ml X 4개 + 쇼핑백1P 코코도르 실내 방향제,"19,900원"
623,[아이르]신상 국내산 여름이불 냉감 시어서커 풍기인견 모달100% 차렵이불 사계절 침구세트 SS/Q 냉감패드 침대패드,"31,200원"
624,[퍼스퍼코리아]A무료반품 사무실 사무용 학생 공부 컴퓨터 책상의자,"34,350원"
625,[파미지오]항균 진드기차단 매트리스방수커버 단품/2개세트 특가,"16,900원"
626,[애프터식스]두꺼운 바닥 요매트 (누빔 요커버+요솜 포함 세트)방수 요 패드 까는이불 매트리스 삼단,"32,900원"
627,[박홍근홈패션](균일가전) 가정의 달 맞이 침구세트(이불+베개+패드) BEST 8,"53,820원"
628,[리바트]꼼므 1200 아이책상의자세트(화이트 베이지),"179,900원"
629,[애프터식스]1+1 모양이이쁜 아일렛 암막 커튼/거실 창문 안방 커텐 햇빛차단 가리개 방풍,"16,900원"
630,기절베개 퍼펙트 어깨편한 기절베개 4종,"59,900원"
631,[벨로코(침구)](벨로코)사계절 보드래 누빔 방수 매트리스 침대커버 패드,"12,900원"
632,[헤트라스]헤트라스 프리미엄 대용량 디퓨저 500mlx3개 선물세트 실내방향제 인테리어,"25,800원"
633,[더패밀리7]마이칼라 THE FAMILY 7 오일스테인 20L,"66,930원"
634,[벨리에르]애끌리아 굿슬립 HR 워싱 밴딩 베개덮개 2장 기능성 베개 숙면베개 딥퍼베개 DEEPPER 디퍼,"6,900원"
635,[클라르하임]클라르하임 소르베 듀라론 냉감 패드 SS 1+1,"255,900원"
636,[이블랑]부드러운 푸딩 옥수수솜 워싱 차렵이불 단품/세트 16colors,"34,900원"
637,[이반가구]1~6인용 접이식 칼라테이블 좌식 책상 식탁 밥상 교자상,"25,000원"
638,바른자세연구소 바른체어 국내생산 편한 컴퓨터 책상 의자 사무용 사무실 회의용 학생 메쉬 게임 공부 의자,"79,300원"
639,[애프터식스]1+1 국산 호텔 항균 피톤치드 경추 베개솜/마이크로화이바 베게솜 5070 4060 솜베개 베개속 베개 목 낮은,"9,900원"
640,[아망떼]아망떼 여름 침대패드 듀라론 시어서커 인견 방수 고정밴드 침대패드,"33,900원"
641,사랑예감 메밀베개 총4개,"59,800원"
642,[쁘리엘르]1+1 베개커버 고밀도 순면 누빔 호텔식,"5,900원"
643,허먼밀러 뉴에어론 의자 풀체어 12년보증 아틀라스 헤드레스트 호환포함,"1,299,000원"
644,[애프터식스]먼지없는 침대 매트리스커버 침대커버 방수 누빔 순면 광목 매트커버 침대패드 퀸 싱글 슈퍼싱글 킹,"18,900원"
645,디퓨저 (JSP) 2000ML(500ML1+1+1+1)+스틱12개,"21,900원"
646,일루션 암막커튼 거실 안방 작은창 아이방 원룸 오피스텔 1장 2장 세트 오후 2시 이전 주문 시 당일 발송,"17,900원"
647,[코코도르](생화 증정)프리미엄 카네이션 디퓨저 300ml + 리필액200ml + 생화카네이션 1P 증정 코코도르,"13,900원"
648,(기절베개)퍼펙트 어깨편한 기절베개 패밀리세트 (베개 4개),"55,710원"
649,냉감 쿨매트 침대커버 침대쿨패드 침대매트 아이스패드 + 베개커버,"18,900원"
650,[더릭스홈]3단 접이식 매트리스 6cm 10cm 15cm 원룸 바닥 단단한 수면매트 접는 라텍스 토퍼,"64,400원"
651,[이모레돌런트]이모레돌런트 디퓨저리필 500ml 1+1+1+1 /섬유스틱 별도 구매,"19,900원"
652,동서가구 포토리뷰 스타벅스쿠폰 이즈 나단 LED 확장형 수납거울 화장대 IJL028,"130,000원"
653,[지누스]지누스 베스트 셀러 그린티 침대 매트리스 슈퍼싱글/퀸 메모리폼,"148,800원"
654,중앙 우드케어 오일스테인 woodcare 20리터 도토리,"67,530원"
655,[애프터식스](1+1) 국산 빠른교체 순면 피그먼트 4면 밴딩 베개커버/사계절 40x60 50x70 30x50 밴드형 여행용 베개솜,"11,900원"
656,오스람 LED 방등 60W (EV60)R 쉽고빠른설치,"29,370원"
657,[누잠]누잠 토퍼 매트리스 단품//슈퍼싱글 SSx1개,"86,680원"
658,[프로텍트어베드](15%+10%) 알러씰 텐셀 메모리폼 베개 3D 메모리폼 알러지케어 방수 베개커버 호텔 베개솜,"18,900원"
659,[아망떼]아망떼 슬림한 간절기 알러지케어 순면 차렵이불 SS/Q/K,"24,900원"
660,피치 사랑 카네이션 꽃바구니 부모님 어버이날 스승의날 선물 답례,"25,440원"
661,[슬립리치]꾸르잠 사계절 고정밴드 누빔 침대패드 / 이불 겸 패드 스프레드,"13,900원"
662,[에이로마]신향출시 1+1 에이로마 골드에디션 디퓨저 500ml 실내방향제 선물용방향제 답례품,"25,900원"
663,코튼베딩 복수할인 여름 냉감 베이직 침대패드 누빔 고정밴드 항균패드 패밀리 이불패드,"10,900원"
664,[아망떼]아망떼 뽀송한 순면 피그먼트 이불겸패드 이불 침대패드 베개커버 모음,"24,900원"
665,FABEHO 듀라론 냉감 패드,"39,000원"
666,[코코도르]코코도르 디퓨저 리필액 500ml X 4개 + 스틱 10P,"22,320원"
667,[플로라]100% 국내생산 차렵이불 코지베어 세미/순면/모달/수피마/알러지케어 사계절이불 SS/Q/K,"31,100원"
668,코튼베딩 먼지없는 사계절 항균 차렵이불 이불세트/풀세트 에어워싱 다운필 프릴 이불,"19,900원"
669,[뒹굴러]뒹굴러 키즈소파 4 colors / 유아 쇼파 / 아기 쇼파 친환경소재,"73,000원"
670,[코코도르]신향 디퓨저 리필액 200ml X 3개 + 와이어병DIY 코코도르,"15,900원"
671,[수면공감](빅세일 증정)NEW우유베개(신상) 기능성 경추베개 (하이브리드/듀오) +방수커버겉커버증정,"59,000원"
672,[넥소버]시력보호 LED스탠드 책상 스텐드 독서등 NXL-5000 /스마일배송,"24,460원"
673,기절 퍼펙트 어깨편한 기절베개 4개세트,"53,320원"
674,FC 디퓨저 선물세트 감사 카네이션 어버이날 스승의날 감사의 마음을 담은 시들지 않는 향기 선물,"6,900원"
675,[리브맘]2024년 시원한 여름 침대 얼음골 쿨매트 더블세트 미니/특대형/중형 쿨방석,"7,900원"
676,삼성칩LED 시스템 주방등 60W 무상보증2년,"29,100원"
677,(NS홈쇼핑)사랑예감 논슬립 메밀베개 더블세트34252189,"30,910원"
678,[아이르]봄이불 사계절 차렵이불 나노화이바 알러지케어 텐셀마이크로 워싱 침구 SS/Q 기숙사이불세트 이불세트,"21,900원"
679,[Hem]HEM 인센스 스틱 향 100개입+100개입,"10,500원"
680,[린백]린백 LB11HW 사무용 학생용 컴퓨터 책상 의자 외 사무실 가성비 의자 BEST 모음전,"60,800원"
681,[헬시메이트]하트필로우 블랙라벨베개 경추 메모리폼 기능성 숙면,"39,500원"
682,교보문고 듀오백 D-043W (회의용 의자),"84,000원"
683,이브닝 1+1 국산 호텔 베개솜 먼지없는 베개커버 모음,"7,680원"
684,[이블랑]99특가 움직이지 않는 편안한 고밀도워싱/순면 고정소파패드 2/3/4인용,"9,900원"
685,[코코도르]코코도르 디퓨저 리필액 200ml X 6개 스마일,"20,900원"
686,[헤트라스]헤트라스 프리미엄 대용량 디퓨저 500mlx2개 선물세트 실내방향제 인테리어,"18,800원"
687,[애프터식스]저자극 순면 두툼한 누빔 매트리스커버/방수 침대 매트 커버 퀸 싱글 킹 퀸침대 슈퍼싱글,"18,900원"
688,[레이브](방수속커버 증정) 8cm 레이브 탄탄한 토퍼매트리스 접이식 침대 바닥 3단 수면매트,"199,000원"
689,[알레르망베이비](신세계김해점)알레르망베이비 베베스타 냉감패드 (슈퍼싱글사이즈),"92,920원"
690,단면매트리스 CL라텍스 기본내장 침대 발통 10cm 19.5cm,"75,500원"
691,[024홈](무료반품) 국민토퍼 매트리스 7cm 10cm 침대 바닥 두꺼운 푹신한 매트릭스 MS/SS/Q,"36,000원"
692,[또또액자]고퀄리티 알루미늄 액자 프레임 출력 주문제작가능,"24,000원"
693,에칭300 전신거울 / 거치대가 있는 완제품 무료배송,"22,900원"
694,[헤트라스]헤트라스 프리미엄 대용량 디퓨저 500mlx5개 선물세트 실내방향제 인테리어,"39,800원"
695,마이크로 진드기방지 베개솜 1+1/알러지케어 베개커버 선물용,"14,900원"
696,[애프터식스]1+1 시원한 여름 베개커버 세트/시어서커 워싱 순면 피그먼트 밴딩 밴드형 모달 4060 5070 베개 베개솜,"6,900원"
697,[르헤브]1+1 자연의 선물 잠이솔솔 사계절 건강베개 메밀베개 편백베개 잣피베개 목베개 아동베개,"14,900원"
698,[쥬디니스]쥬디니스 대용량 디퓨저 본품 500ml 1+1/1000ml 방향제/실내방향제,"13,900원"
699,2인용 3인용 4인용 돌 소파 쇼파 방석 패드 토퍼,"30,800원"
700,[베네베딩](25%쿠폰) 프리미엄 삼중직 고밀도 메모리폼 베개,"15,900원"
701,[아디다스]나이키外 인기 신상 반팔티/반바지/쇼트/운동복 모음,"9,900원"
702,정품 CROSSGUN 미니 송풍기 터보 제트 선풍기 X3 PRO 휴대용 130000RPM 5000mah배터리,"31,000원"
703,[K2](최초가490000원)남여공용 수지 씬에어 LONG 다운 KUW22569,"135,240원"
704,[K2](최초가 440000원)수지 숏패딩 남여 씬에어THIN AIR LITE KWW22564KM,"121,440원"
705,[테슬라](20%쿠폰 무배)신상입고 크롭/오버핏 티셔츠/인기조거팬츠/레깅스/숏팬츠/자외선차단,"14,800원"
706,[뮬라웨어](15%+10%쿠폰) 뮬라웨어 여성 애슬래저웨어 한정특가 브라탑/레깅스/숏슬리브 외 최대 83% SALE,"18,700원"
707,[K2](최초가:490000원) 공용 수지 씬에어 VIBE KMW22567 KWW22568,"135,240원"
708,[아디다스](신세계센텀점)아디다스 런닝화 갤럭시 12종 택1,"40,180원"
709,[텐제로]1+1찬스 여름쿨세일 7부반바지/밴딩바지/아이스바지/반팔티+반바지세트/트레이닝복세트/조끼,"9,900원"
710,크록스 성인 남녀 커플 비치 신발 캐주얼화 샌들 스포츠샌들 학생용실내화 사무용슬리퍼,"17,820원"
711,나이키 모자 헤리티지86 퓨추라 레거시91 드라이핏 스우시 볼캡 5종 남성여성 스포츠 골프 야구 모자,"14,100원"
712,[커터앤벅](~93%)(1+1)PGA 커터앤벅 빅스마일 단하루 BEST ITEM 최대혜택 금액별 쿠폰 15%/20% 카드할인 7%,"45,960원"
713,[언더아머]언더아머 본사남성 UA 우븐 그래픽 쇼츠1377139-504,"19,500원"
714,[아디다스](신세계김해점)런팔콘 런닝화 (HQ3789HQ3790HP7544IF9330IF9332HP7559IE0750HP7557HP7558HP7556...,"41,950원"
715,[코오롱스포츠](신세계강남점)코오롱스포츠 남녀 안타티카 롱 3종 택1,"612,270원"
716,[K2](광주신세계)광주점 단독 역시즌 KMW22575 남성 리버시블 구스 다운 씬에어 턴(THINAIR) TURN,"113,030원"
717,20% 팜스프링스 외 브랜드 의류 봄 신상 특가 티셔츠/팬츠,"9,800원"
718,(최종3.2만)샤오미 미지아 차량용 무선 핸디청소기 3세대 13000Pa 2단세기조절,"45,730원"
719,[푸마]스포츠패션 아울렛 24SS신상추가 맨투맨/조거팬츠/우븐자켓/티셔츠,"18,000원"
720,[나이키]나이키/푸마 外 반팔/반바지/트레이닝복 한정특가,"10,000원"
721,[노스페이스]노스페이스 24SS 봄맞이 모자/샌들/운동화/백팩/가방 모음 최대~60%할인,"65,000원"
722,[나이키]24년 여름신상 나이키 에어맥스 인터락외 인기 런닝화 운동화 모음,"71,000원"
723,[네파]공용 올인원 패키지 세트 (TEE+PANTS)-7JG5302,"25,200원"
724,[아디다스](신세계마산점)런팔콘 런닝화 (HQ3789HQ3790HP7544IF9330IF9332HP7559IE0750HP7557HP7558HP7556...,"41,950원"
725,[불스원]레인OK 빗물을 튕겨주는 발수 와이퍼 1+1 (운전석+조수석),"14,360원"
726,[카카오프렌즈]봄맞이 창고땡처리 최대 93%할인+쿠폰 최대할인12% 더 성인/아동/쿨링티셔츠/기능성티셔츠/반팔티/반바지,"6,900원"
727,남녀공용 네오디 베이직 로고 2종택1 (N235UTS010020),"33,540원"
728,(7%쿠폰/8840원)국산100% 오드삭스 패션 스포츠양말/페이크삭스/미들삭스 외,"9,500원"
729,[불스원]냄새제로 향균 활성탄 차량용 에어컨히터 필터 (차종별 선택) 1개입,"14,860원"
730,[K2](대구신세계)역시즌 최초가 570000KMW22559 TV 광고상품 남성 야상 구스 씬다운 씬에어(THINAIR) VIB...,"140,050원"
731,[프로월드컵]PWX 프로월드컵 남성 여성 기능성 반팔티셔츠 쿨티셔츠 트레이닝팬츠 아우터 바람막이 집업티셔츠,"14,900원"
732,[K2](대전신세계)K2 24년 역시즌 KMW22543KWW22544 남성/여성 씬에어(THINAIR) 클라우드 인피니움 코트,"160,530원"
733,1+1 고급형 어반옴므 테이핑 발목보호대 / 슬림 발목아대 얇은 발목보호대 임산부 등산 축구 러닝 테니스,"9,480원"
734,[불스원](1+1행사)불스원샷 플래티넘 연료첨가제(엔진소음제거+연비향상 효과)500mL 2종 택1 +혼유방지링 증정,"31,900원"
735,[아디다스](신세계의정부점)New Performance 아디다스 알파바운스 슬라이드 2.0_GY9415GY9416GZ9503IG5948,"40,410원"
736,[스케쳐스]스케쳐스 공식 남여 BEST 운동화/슬립온/샌들 43종택1,"49,000원"
737,[K2](정상가 46만원)여성용 양면 거위털다운 수지 씬에어 TURN KWW22576,"125,580원"
738,[몽벨]27%쿠폰_몽벨 본사정품 반팔티/바람막이/자켓/바지/모자/등산바지/일본직수입 이월특가전 무료배송,"31,900원"
739,[노스페이스화이트라벨]노스페이스 24SS 반팔티/반바지/맨투맨/후드/자켓/바람막이 모음전,"76,500원"
740,[뮬라웨어](15%+10%쿠폰) 뮬라웨어 여성 일상복애슬레저웨어 브라탑/레깅스/팬츠 외 최대 87% SALE,"20,000원"
741,[불스원](2+2행사)불스원샷 플래티넘 연료첨가제 4in1 500ml 2종 택1(휘발유 경유)+3in1 장벽유리크리너 증정,"54,800원"
742,[필터포유]1+1 차량용 자동차 에어컨필터 고효율 초미세먼지 활성탄 CFUCS,"10,900원"
743,[밀레]S/S 밀레골프/푸마골프 홈쇼핑TV방송상품 특가할인,"19,900원"
744,레인클리어뷰 하이브리드 와이퍼 2+2 (차량 2대분),"7,500원"
745,[미즈노](신세계타임스퀘어점패션관)남성 런닝화 J1GC220458 WAVE RIDER 26 SW,"85,530원"
746,[네파]네파 SS 여름 맞이 베스트 상품 50종 바람막이/자켓/티셔츠/팬츠/슈즈,"30,000원"
747,[캘빈클라인][캘빈클라인 퍼포먼스] [캘빈클라인퍼포먼스] 24SS 남여공용 반팔셋업4종 (반팔티2종+반,"125,100원"
748,나이키 NSW 클럽 프렌치테리 후드집업,"34,030원"
749,(아디다스오리지널스)(신세계하남점)아디다스 스니커즈 캠퍼스 2_ID9839ID9842ID9843ID9844,"62,840원"
750,[아디다스](신세계마산점)X 플로러 패스 런닝화 (ID0468ID0465ID0466ID0469ID0481ID0482),"41,330원"
751,[뮬라웨어](15%+10%쿠폰) 뮬라웨어 남여 상/하의 신상 외 득템찬스 최대 82% SALE,"30,470원"
752,여성샌들/슬리퍼/아쿠아슈즈/ 남성샌들/여자 샌들/크록스 스포츠샌들 /남녀 캐주얼화 /사무실슬리퍼,"17,300원"
753,[나이키골프]나이키 남여공용볼캡 골프모자 4종 헤리티지86 레거시91,"14,100원"
754,JEEP 남성 24 SUMMER COOL SORONA 반팔 티셔츠 4종,"71,100원"
755,[크록스]공식 공용 크록밴드/바야밴드/오프크리드 17종 (205089/11016/209501),"45,150원"
756,[밸롭]밸롭 아쿠아슈즈/워터슈즈/래쉬가드/수영복/비치웨어/여성/남성/아동/키즈 모음전,"19,900원"
757,[K2](신세계본점)K2역시즌 KWW22570 씬다운여성 롱 구스 씬다운 씬에어(THINAIR) VIBE UP W,"140,050원"
758,[네파](신세계강남점)네파 23년 SS 공용 데일리 더블팩 (1+1) 라운드 티셔츠 패키지 세트 7JG5301,"20,140원"
759,[노스페이스]노스페이스 SS BEST 반팔/쇼츠/모자/용품 모음전,"44,840원"
760,[불스원](1+1행사)그라스 블루 차량용방향제 100ml 4종택1+추가옵션(피치버즈)+사은품(선바이저 방향제),"24,900원"
761,[블랙야크](롯데백화점)남성 냉감원단 기능성 반팔 집업 티셔츠 B원더2티셔츠S1 1BYTSM2018,"25,280원"
762,[코오롱스포츠](신세계본점)코오롱스포츠 남녀 안타티카 WOOL 프리미어 3종 택1,"795,340원"
763,[블랙야크]공용 고어텍스 방수 손석구 트레킹화 343 ECO GTX,"91,560원"
764,[크록스](신세계본점)바야 클로그 10126-100,"40,540원"
765,[아이더](정가 139000) 퀀텀 아이스 카고 팬츠 커플 추천 여름철 필수 DMM22332 DWM,"44,000원"
766,[콜핑]쿠폰 20%+7%SS 시즌 특가 반팔/티/바지/용품,"23,000원"
767,[노스페이스]노스페이스 SS BEST ITEM 바람막이/반팔티/맨투맨/아노락/트레이닝팬츠/가방 50종세일,"95,000원"
768,[푸마]푸마 신상 쉴드테크 남녀공용 이지팬츠 3종(7부),"62,910원"
769,남성 UA 차지드 퍼수트 3 러닝화,"39,500원"
770,하프클럽/밀레 골프밀레골프 24SS 최신상 고기능성 라운드 티셔츠 5종 남녀공용,"58,650원"
771,크록스 여성샌들 슬리퍼 남성샌들 아쿠아슈즈 스포츠샌들 남녀캐주얼화 사무실슬리퍼,"33,900원"
772,(NS홈쇼핑)월드컵 여성 뉴 더블에어 워킹화34174860,"30,330원"
773,[크록스](롯데백화점)바야밴드 클로그 윈터화이트 205089-1LI,"47,900원"
774,[PGA]O PGA 24SS 남성 올라운딩 팬츠 3종,"53,100원"
775,[크록스](신세계강남점)바야밴드 클로그 205089-126,"46,630원"
776,영국 마이가 뱃살강타 다이어트 무선 온열 진동 뱃살 복부 마사지기 운동기 진동기 마사지 벨트,"129,000원"
777,[에르고바디]에르고바디 디슬핏 허벅지운동 코어운동 케겔운동기구 홈트레이닝 운동기구 스트레칭 헬스,"47,530원"
778,[스케쳐스]스케쳐스여성 고 워크 조이 15637운동화 운동화 발편한 족저근막염 무지외반증신발 피로감소 쿠션워킹화,"43,800원"
779,[불스원]레인OK 유막제거 + 발수코팅 이지그립 세트(각 1개씩),"13,900원"
780,[크록스]공용 BAYABAND CLOG 8종 택1 (24SUCL205089),"45,150원"
781,[크록스](롯데백화점)바야 클로그 10126-2V3,"40,240원"
782,[몽벨]Montbell몽벨 24SS 남성 에어핏 자켓+베스트 2종세트,"49,560원"
783,(컬럼비아)24SS신상품남성 포켓 패치 스트레치 우븐 셔츠 (C52-YMD603),"30,960원"
784,[노스페이스화이트라벨](신세계강남점)우븐 슬라이드 NS98N01,"27,400원"
785,[네이처하이크]네이처하이크 25cm 원터치 에어매트 C25 1 2 3인용 CNH23DZ10001 캠핑 아웃도어 자충 에어펌프포함,"47,900원"
786,[몽벨]Montbell몽벨 24SS 여성 에어핏 자켓+베스트 2종세트,"56,050원"
787,[캘빈클라인]O캘빈클라인퍼포먼스 24SS 남여공용 반팔셋업4종 (반팔티2종+반바지2종),"125,100원"
788,[언더아머]언더아머 본사남성 UA 퍼리미터 11인치 쇼츠1370222-001,"24,500원"
789,[푸마]FIFA1904 스포츠의류 GRAND OPEN 입점할인쿠폰 반팔티/반바지/맨투맨,"15,000원"
790,FILA(휠라) 남성 24SS 반팔 카라티 3종,"67,320원"
791,[반스]VANS 반스 올드스쿨 스니커즈 VN000D3HY28,"45,300원"
792,[테슬라](20%쿠폰)남녀스판 버뮤다팬츠 무배 11680원 조거팬츠/자외선 차단/속건/쿨링/경량,"14,600원"
793,[언더아머]언더아머 본사 남성 UA 라이벌 플리스 쇼츠1379779-025 정가 59000원,"29,500원"
794,[알피쿨]차박 캠핑 낚시 차량용 가정용 냉장고 K25 25L,"137,000원"
795,(컬럼비아)24SS신상품유니 포켓 패치 우븐 스트링 티셔츠(C52-YUD602),"30,960원"
796,[스케쳐스]스케쳐스 여성 맥스 쿠셔닝 포미-SP0WSCEM011,"69,000원"
797,[르까프]24년 여성 르까프 에어메쉬 워킹화,"30,330원"
798,지금 딱 신기 좋은 로젠토 남성 다이얼 캐주얼화,"25,040원"
799,지프 24SS 남성 소로나 반팔 티셔츠 4종,"79,000원"
800,[지프] JEEP 남성 24 SUMMER COOL SORONA 반팔 티셔츠 4종,"71,100원"
801,[에코백스]카드혜택가 99.9만) T30프로 옴니 로봇청소기(11000PA/온수세척/AI자율주행/자동물걸레리프팅/열풍건조),"1,069,000원"
802,카드혜택가 117만) 나르왈 프레오 X 울트라 직배수 올인원 로봇청소기,"1,240,000원"
803,[로보락](15%할인쿠폰+사은품)로보락 S8 MaxV Ultra 로봇청소기 로봇팔 사각지대 청소,"1,880,000원"
804,[로보락](직배수무료방문설치)로보락 S8 MaxV Ultra 로봇청소기 직배수 스테이션 /빌트인 디자인 /급수 배수 전자동,"2,030,000원"
805,[삼성전자]스마트모니터 M7 S43BM700 107.9cm 4K UHD IPTV,"519,000원"
806,[삼성전자]스마트모니터 M7 S32BM700 80cm UHD 4K OTT C-Type,"430,000원"
807,스마트 윈도우 로봇청소기 초강력흡입 창문로봇청소기,"48,850원"
808,[드리미](대구신세계)결제가 125만드리미 L20 Ultra 올인원 로봇청소기+악세사리 풀키트 전원증정,"1,407,010원"
809,[WD]WD NEW My Passport 5TB 외장하드 우체국택배/전용파우치/WD공식스토어,"189,000원"
810,[이글루캠]EGLOO 이글루캠 S4+ 2K 300만 화소 회전형 홈 카메라 CCTV,"99,000원"
811,[LG전자]울트라기어 32GS95UE 1589000원 역대가 32인치 OLED 4K UHD 240Hz FHD 480Hz 0.03ms 무료 LG설치 5월말 배송,"1,990,000원"
812,[삼성전자]삼성 오디세이 G5 S27DG500 IPS QHD 180Hz 1ms 게이밍모니터 선착순 200명 사은품(대형장패드),"399,000원"
813,[신일]신일 저소음 14인치 스탠드형 선풍기 (공식판매점),"75,000원"
814,[LG전자]혜택가 38만원대 LG 휘센 제습기 DQ202PBBC 20L 블루,"449,000원"
815,[아이닉](최종 11.9만) 대용량 스텐 에어프라이어 AO-16L (+10만원 상당 조리도구7종),"178,000원"
816,[다이슨]카드가 49.7만+디퓨저증정) 본사 다이슨 에어랩 멀티스타일러 앤 드라이어 컴플리트 롱 오리진,"629,000원"
817,[LG전자]LG 32UP830 32인치 4K IPS 모니터 HDR 스피커내장 C타입 콘솔게임용추천 (32UN650 후속),"599,000원"
818,[삼성전자]갤럭시북4 NT750XGR-A5 최종49만 인텔CPU 가성비노트북 대학생노트북 재택근무 강의용노트북,"749,000원"
819,[삼성전자](체감가16.5만) 삼성 갤럭시 워치6 40mm 블루투스 +신세계 1만원+강화유리 +쇼핑백 +타임플릭1+1,"256,670원"
820,[LG전자](206만원대) LG 휘센 오브제컬렉션 타워II (히트) FQ17HDTHC2 전국기본설치비포함/전국무료배송/실외기포함,"2,139,000원"
821,[삼성전자](혜택가 159만원대) 삼성 무풍에어컨 클래식 AF17B7538GZRS 멀티형,"1,669,000원"
822,[위닉스]혜택가39.9만)공식인증점) 위닉스 21L 인버터 제습기 {DXWE210-NGK},"480,350원"
823,[LG전자]울트라기어 27GP850 게이밍모니터 나노IPS 27인치 180Hz (O/C) QHD HDR400 G-SYNC Compatible,"549,000원"
824,[삼성전자]오디세이 G4 S27BG400 68cm 게이밍 모니터 IPS패널 240Hz 최대 혜택가 22.7만,"349,000원"
825,[다이슨]카드가 37만) 본사 다이슨 무선청소기 싸이클론 V10,"469,000원"
826,[LG전자]울트라기어 32GR75Q 369000원 역대가 32인치 IPS QHD 165Hz 1ms 게이밍 모니터 무료 택배배송,"491,810원"
827,[LG전자]LG 그램 17ZD90R-EX79K i7 32GB 256GB RTX3050 윈도우 미포함 / 오토기어 공동구매 혜택가189만,"2,302,930원"
828,[삼성전자]삼성전자 삼성 공식인증 마이크로SD EVO PLUS 512GB MB-MC512KA/KR 빅스 37.800원,"51,300원"
829,[신일][신일] BLDC air S9 써큘레이터 (베이지/딥그린/블루),"118,400원"
830,[삼성전자]삼성전자 오디세이 G5 S32DG500 81cm 게이밍모니터 180Hz 1ms 프리싱크 피벗 스위블 최대 혜택가 35.1만,"489,000원"
831,[프리플로우](최종111만) 라이젠5 7500F_RTX4060TI 8GB 컴퓨터본체 (ULTRA GAMING F5 G6TI) AMD 게이밍컴퓨터 조립PC,"1,369,000원"
832,[로보락](15%할인쿠폰)로보락 S8 Plus 로봇청소기 먼지통 자동비움 장애물 회피 듀얼브러시 물걸레오토리프팅,"947,000원"
833,[숲속바람]Forest Wind 저소음 5엽 스탠드 선풍기,"34,470원"
834,[LG전자]그램17 프로 17ZD90SP-GX56K Ultra5 16GB 256GB 윈도우 미포함 / 오토기어 공동구매 혜택가159만,"2,084,540원"
835,[닌텐도]닌텐도 스위치 짱구는 못말려 탄광마을의 흰둥이 한글판,"64,800원"
836,PDBOY VIEW17 / 오토기어 공동구매 특가 / 90R-EX79K,"119,000원"
837,[신일]최종 9.4만원) 신일 2IN1 BLDC 에어서큘레이터 S9 베이지,"130,500원"
838,[마이크로소프트]Windows11 Home FPP / 오토기어 공동구매 반값 특가 / 17ZD90R-EX79K,"99,000원"
839,[삼성전자](삼성)(신세계강남점)갤럭시탭 S9 FE 128GB WIFI SM-X510N,"461,310원"
840,PDBOY VIEW17 공동구매 특가,"219,000원"
841,[필립스]PHILIPS 에센셜케어 헤어 드라이기 BHC010/19,"12,700원"
842,[르젠]르젠 앱연동 스마트 BLDC 리모컨 선풍기 LZEF-DC02,"83,520원"
843,[Lenovo]레노버 아이디어패드 Slim1-15ALC7 (R5-5500U / 8GB / 256GB / FreeDOS),"489,350원"
844,[LG전자](역대가 70만원대) LG 코드제로 A9S 오브제컬렉션 무선청소기 AU9882WD 안심스팀 물걸레,"762,410원"
845,[쿠쿠]최종 18.8만원) 쿠쿠 본사직영 CRP-DHP0610FD 6인용 IH전기압력 밥솥,"244,550원"
846,[삼성전자]혜택가45만원대 인버터 벽걸이 에어컨 AR06A1171HZS 전국 기본설치비포함,"489,000원"
847,[미지아](최종 47.9만)샤오미 미지아 물걸레 로봇청소기 M30 S D103CN,"665,900원"
848,[모락]글로우팟2 블루투스 무선 이어폰,"19,900원"
849,[삼성전자]혜택가142만원대 삼성 비스포크 냉장고 RF85C90D1AP 1등급 4도어 공식인증점,"1,799,000원"
850,[삼성전자]삼성 갤럭시 워치6 44mm 블루투스 +신세계 1만+강화유리 +쇼핑백 +타임플릭1+1,"299,680원"
851,[쿠진]쿠진 푸드스타일러 두유제조기,"124,020원"
852,[윈드피아]가정용 업소용 스탠드 리모컨 선풍기 인기상품 1700R,"37,810원"
853,[로지텍]로지텍 G304 LIGHTSPEED 무선 게이밍 마우스,"30,000원"
854,[LG전자]혜택가 215만원대 LG전자 트롬 워시타워 W20WD 세탁24kg 건조20kg,"2,229,000원"
855,[LG전자]LG그램16 프로 16ZD90SP-GX56K / 오토기어 공동구매 혜택가149만 /인텔 울트라5 16GB 256GB,"1,976,000원"
856,[대우(가전)]최종 3.4만원)대우 3단 높이조절 리모컨 34cm 써큘레이터 선풍기 DEF-KC3040 서큘레이터 수면풍 자연풍,"52,850원"
857,[LG전자]혜택가 189만원대 LG 트롬 오브제컬렉션 세탁기건조기세트 FX23WA-20WQ 트루스팀 23+20kg,"1,969,000원"
858,[삼성전자]갤럭시버즈 라이브 무선 블루투스 이어폰 SM-R180,"115,000원"
859,[LG전자]LG 32GP850 32인치 게이밍모니터 나노IPS QHD 1ms G-sync Compatible HDR,"649,000원"
860,[LG전자]LG 24GN60K 게이밍모니터 울트라기어 IPS 144hz 1ms HDR지원 (24GN600 후속),"209,000원"
861,[솔러스에어]솔러스에어 탁상용 선풍기 타이머 좌우회전 수면풍 자연풍 무선 무소음 미니 탁상형 소형 충전식 AIR605TF,"34,800원"
862,[LG전자]LG 27GP750 68cm 게이밍모니터 ~역대가 28만~IPS 240Hz 1ms FHD 울트라기어 지싱크 HDR 피벗,"419,000원"
863,[삼성전자]마이크로SD카드 EVO PLUS 512GB MB-MC512KA/KR 혜택가 39.420원,"54,000원"
864,[레드울프]갤럭시 S24 울트라 S23 S22 FE 노트20/노트10/S21/S20/S10/A54/A34/A32/A24/A23 플러스 가죽 지갑형 케이스,"19,900원"
865,[코슬리]최종 2.4만원대)코슬리 핸디 스팀다리미 유니크 포토리뷰 아메리카노 기프티콘 증정,"32,900원"
866,[LG전자]한정수량 역대가 77만원대) LG 디오스 오브제 식기세척기 DUBJ2EAL 네이처베이지 빌트인 12인용,"838,000원"
867,[삼성전자]삼성전자 갤럭시 S23 FE 256GB 자급제 SM-S711N JO,"713,500원"
868,[마이크로소프트]Windows11 Home FPP / 오토기어 공동구매 반값 특가 / 17ZD90SP-GX56K,"99,000원"
869,[삼성전자]삼성 정품 갤럭시 S24 울트라 스탠딩 그립 케이스 EF-GS928,"38,890원"
870,[필립스]클럽카드가 24.1만) PHILIPS SkinIQ 9000 전기면도기 S9985/59 스타일러 쇼핑백 휴대용 면도기 증정,"352,940원"
871,[LG전자]LG 휘센 오브제컬렉션 제습기 20L 베이지 DQ203PECA,"631,500원"
872,[삼성전자]갤럭시탭 S9 128GB WiFi(최종73만+정품북커버+강화유리),"844,440원"
873,[모아리]1+1 PD 20W 미니 도킹 일체형 무선 고속충전 보조배터리 C타입 8핀 삼성 갤럭시 애플 아이폰,"17,500원"
874,[LG전자]LG 휘센 오브제컬렉션 제습기 DQ203PECA 베이지,"623,220원"
875,[LG전자]한정특가 145만원대 LG 디오스 매직스페이스 오브제컬렉션 T873MWW111 1등급 870L 4도어냉장고,"1,529,000원"
876,대웅모닝컴 가정용 스탠드선풍기 키높이선풍기 FAN 1479,"31,260원"
877,[삼성전자][최대 혜택가 42만원대] 삼성 비스포크제트 220W VS20B956AUE 무선청소기 산토리니 베이지,"459,000원"
878,[쿠쿠]최종 22.9만원) 쿠쿠 본사직영 10인용 IH 압력 밥솥 CRP-CHP1010FW,"299,450원"
879,[아이닉](최종 9.6만) 아이닉 올스텐 에어프라이어 iSA7 ( + 올스텐 디바이더 증정),"138,000원"
880,[삼성전자]삼성 Galaxy Fit 3 갤럭시핏 피트니스 스마트 밴드 스마트 워치 중국롬 한글지원,"107,000원"
881,[다이슨]카드가 38.9만) 리퍼브 본사 다이슨 에어스트레이트 스트레이트너 (블루/코퍼),"493,000원"
882,[위닉스]혜택가19.9만){파트너} 위닉스 뽀송 12리터 제습기 DXAE120-NEK 자동건조 기능 / 24년 신상품,"263,490원"
883,[필립스]카드최종28.9만원대)필립스 1200 전자동 에스프레소 커피머신 EP1224/03,"425,000원"
884,(삼성)(신세계강남점)갤럭시탭 S9 FE 플러스 128GB WIFI SM-X610N,"598,090원"
885,[에디파이어]Edifier 에디파이어 스피커MR4 화이트 스튜디오 앰프 스피커 (당일출고),"85,700원"
886,[삼성전자]갤럭시버즈2프로 블루투스 이어폰 SM-R510 +해피머니1만원+선물포장 증정,"175,160원"
887,[쿠쿠]최종 30.7만원) 쿠쿠 마스터셰프 6인용 IH전기압력 밥솥 CRP-LHTR0610FWM,"399,920원"
888,[샤오미]샤오미 미지아 무선 선풍기 5세대 에어서큘레이터 BLDC 마그네틱 충전 돼지코 증정 BPLDS05DM,"129,000원"
889,[삼성전자][최대 혜택가 109만원대] 삼성 Q9000 스탠드형 에어컨 AF17B6474TZS 56.9㎡ 이지케어 기본설치포함,"1,361,080원"
890,[ASUS]ASUS 에이수스 TX AX6000 WiFi6 무선 게이밍 공유기 듀얼 2.5G포트 7가지 RGB라이트,"140,900원"
891,[브라더]DCP-T720DW 무선 무한잉크복합기 / 프린터 WiFi ADF,"279,000원"
892,[이글루캠]EGLOO 이글루캠 홈CCTV 홈카메라 베이비캠 펫캠 S3+ 고화질 300만 화소,"77,000원"
893,[아이닉](최종 22.1만) 아이닉 24년형 무선청소기 i30 아이타워 i-Tower,"298,000원"
894,[Ostmars]한글버전 독일 OSTMARS 미니 두유기 800ml 독일 가정용 완전자동 다기능 두유제조기 화이트,"29,800원"
895,[커세어]커세어 K70 MAX RGB MGX 래피드 트리거 마그네틱축 게이밍 기계식 키보드,"299,000원"
896,[프리플로우](최종31.7만) 라이젠5 5600G_16GB_500GB 컴퓨터본체 (홈오피스 PRO 5) 사무용/가정용컴퓨터 조립PC,"416,000원"
897,두유제조기 1200ml 대용량 죽 과일쥬스 이유식 콩국수 콩물 스프 제조기 한글 메뉴판+ 한글 설명서,"23,850원"
898,[아이닉](최종 13.7만) 차이슨 무선청소기 New i20 UV브러시탑재,"198,000원"
899,[Acer]에이서 프레데터 헬리오스 네오 16 PHN16-71-93WL 인텔 13세대 i9 13900HX D5 16GB RTX4060 WQXGA 165Hz,"1,756,000원"
900,[다이슨]카드가 38.9만) 리퍼브 다이슨 에어스트레이트 스트레이트너 (니켈/코퍼),"493,000원"
901,(NE능률) NELT 응시권 1회권/3+1회권,"30,000원"
902,(그레이트북스) 안녕 마음아 전58권+마음놀이 교구 67종 (QR코드 이용불가),"238,000원"
903,(그레이트북스) 나의 첫 그리스 로마 신화,"49,800원"
904,(EBS MEDIA) 한글이 야호/수학이 야호 /한글용사 아이야 시리즈 선택구매,"42,000원"
905,지학사 독서평설 첫걸음 1년 정기구독,"119,240원"
906,망고라이언 슬기로운 원 생활 (총22종),"80,000원"
907,시매쓰 영재사고력수학 1031(2023개정판) / 과학 1031 단계별 선택구매,"59,720원"
908,특가 - 에르베 튈레의 감성놀이책 색색깔깔 골라담기,"11,250원"
909,[출판사 마음이음]마음이음/ 핀란드수학 학년별세트(1+2학기) 골라담기,"32,900원"
910,(특가) 아울북 그리스로마신화 낱권 선택구매,"10,500원"
911,[천재교육]돌잡이 명화(전 17종+디지털앱) - 펜 미포함,"81,000원"
912,수퍼맘스토리/시험출제비율높은STEAM IB교육을 바탕으로 만든/미국초등학교교재/Meet The ARTIST/7주내배송,"118,800원"
913,교과셈 초등 세트 (교과 수학의 시작),"16,250원"
914,동아시아/ 초등과학백과/메이커스주니어 골라담기,"42,000원"
915,길벗어린이 지원이와 병관이 시리즈 전9권세트,"84,700원"
916,[출판사 윌북주니어]세계 역사 이야기 특별 보급판 세트 전8권 -처음 만나는 인문학 영어 수업,"101,080원"
917,[천재교육]돌잡이 수학(전 18종+디지털앱) - 펜 미포함,"108,000원"
918,주니어김영사/ 흔한남매 과학탐험대/하루 한 꼭지 과학 선택구매,"108,600원"
919,이코노아이 어린이경제신문 1년 정기구독,"77,760원"
920,(할인특가) 키즈엠-보드북 골라담기 (전17종),"12,000원"
921,엠앤키즈 한국을 빛낸 100명의 위인 3종세트외 도서 낱권 골라담기,"8,500원"
922,[천재교육]돌잡이 한글(전 18종+디지털앱) - 펜 미포함,"108,000원"
923,세상의 모든 어머니들에게 우리동요 베스트123 /바흐 비발디/임 윤찬/선택구매,"42,000원"
924,어스본_태엽북 7종 골라담기,"19,600원"
925,씨투엠 수학 교구상자 펜토미노턴/큐브빌드 선택구매(워크북포함)(NEW),"43,500원"
926,다산/ WHO 시리즈 선택구매,"198,000원"
927,수퍼맘스토리/스콜라스틱 출판사가 만든/반복누적학습으로 영어문법의기초를/STEP UP GRAMMAR/5주내배송,"9,880원"
928,씨투엠에듀 응용연산 단계별 세트 선택구매 - 상위권으로 가는 문제해결 연산 학습지,"28,000원"
929,밤티/ 이금이 밤티마을 세트(전4권),"37,100원"
930,(한국삐아제) 키즈LP 토토 (본품+원목 케이스+LP사운드카드 150장) 선택구매,"39,800원"
931,오은영 금쪽이들의 진짜 마음속/어떻게 놀아줘야 할까 선택구매,"28,900원"
932,O.S.T - 눈물의 여왕 TVN 토일드라마,"31,540원"
933,O.S.T - 블루 아카이브 2.5주년 기념 BLUE ARCHIVE CD+KIT SET,"72,000원"
934,(낱권 선택구매)비밀요원 레너드 1~18권+우리말사무소+추억의 놀이 대작전+과학X파일1-2권 (전22종),"10,360원"
935,영국4대출판그룹/맥밀란출판사가 만든/Spelling/Grammar Rules/단독번역및음원제공/5월2주차 배송,"53,800원"
936,Set (앨범4종) 아이브 (IVE) / IVE SWITCH (2nd EP),"62,000원"
937,원어민줌클래스/프랑스어/야스민선생님/1000단어/주1회/매주일요일/12주코스,"130,000원"
938,(할인특가) 키즈엠-소세트 골라담기,"47,600원"
939,[출판사 예림당]Why 과학학습만화 A/B/C/D/E세트 (본책 20권+워크북 20권) 선택구매,"220,290원"
940,지학사 초등독서평설 1년 정기구독,"119,240원"
941,(10% 카드할인) 흔한남매 16,"13,050원"
942,(15%+5%) 노부영 베스트 세이펜 30/스테디15/베스트15/베이비15 세트 핫딜추천,"364,000원"
943,키즈엠 베스트 그림책 랜덤 럭키박스 선택구매,"19,000원"
944,[출판사 어스본코리아]시끌벅적 정글 사운드북,"12,350원"
945,O.S.T - 블루 아카이브 2.5주년 기념 BLUE ARCHIVE,"61,920원"
946,(할인특가) 아람키즈 기획전 : 소전집 선택구매,"38,500원"
947,(메가스터디)(첫 한국사)큰별 쌤 최태성의 한국사 수호대 세트 (선택구매),"59,800원"
948,(5월13일부터발송) 2024 CRUSH T-SHIRT _ L SIZE 크러쉬MD,"39,000원"
949,도치맘 혼공 영문법 커리큘럼 세트,"30,500원"
950,아이브 앨범 스위치 SWITCH 미니 2집 IVE 포토북,"17,400원"
951,(사회평론) 용선생의 시끌벅적 과학교실 전40권/완간/선택구매,"357,000원"
952,(문학동네) 황석영 삼국지 X (RHK) 이문열 삼국지/수호지/초한지,"140,400원"
953,원어민줌클래스/영어/테리카선생님/빌딩보카/주1회/수요일/12주코스,"130,000원"
954,[출판사 웅진컴퍼스]정글 파닉스 Jungle Phonics 1~4 (본책/워크북 세트) 선택구매,"42,000원"
955,[출판사 어스본코리아]동물 농장 사운드북,"12,350원"
956,(봄이아트북스) 공룡대발이 세계문화여행 전50권,"148,000원"
957,[출판사 꼬마이실]교양있는 우리 아이를 위한 세계 역사 이야기 5권세트,"72,800원"
958,(특가) 제이슨 친 그림책 7종 선택구매,"8,400원"
959,키즈위드 이야기시네마 세계명작동화 선택구매,"48,910원"
960,와이즈만북스 이게 바로 물리야 세트 (전10권),"130,650원"
961,유아 자신감 수학(유자수) 세트,"32,400원"
962,(웅진) 재미만만 우리고전 전20권,"126,000원"
963,[별똥별]인성을 부탁해 (전10권+CD1장),"32,700원"
964,(어린이날 선물) 캐릭터 직소퍼즐 균일가 4900원 - 짱구는못말려 / 원피스 / 귀멸의칼날,"4,900원"
965,[출판사 미래엔아이세움]어린이날특집)처음 읽는 그리스로마신화 1-11권 + 흔남다이어리증정,"9,450원"
966,[천재교육]바나펜 (32G),"65,000원"
967,[출판사 21세기북스]14살의 말 공부 : 친구에게 상처 주기도 상처 받기도 싫은 십 대를 위한,"16,920원"
968,(파랑새) 그리스 로마신화 1-12 전12권,"117,180원"
969,SEVENTEEN(세븐틴) - BEST ALBUM: 17 IS RIGHT HERE,"18,530원"
970,(VER SET / LOVED IVE ver.) IVE THE 2nd EP IVE SWITCH,"71,200원"
971,(15%+7%) 아동 문학 BEST 세트 특가,"61,560원"
972,[비룡소]비룡소 초한지/수호지 애플북스 고정욱 삼국지 세트 선택구매,"63,700원"
973,YUNCHAN LIM(임윤찬) - CHOPIN: ETUDES 쇼팽: 에튀드,"17,600원"
974,[비룡소]비룡소_과학/사회는 쉽다 세트 선택구매,"106,760원"
975,봄이아트북스 공룡대발이 안전동화 전30권(세이펜호환/별매),"52,920원"
976,[출판사 사파리](할인특가) 사파리 - 오은영 박사가 감수하고 추천하는 우리 아이 최고의 선택 세트 (전8권),"56,000원"
977,(할인특가) 도서출판무지개-NEW최신판 추피의생활이야기179종 : 세이펜호환,"178,500원"
978,(추가할인) 5월 가정의달 선물 추천/ 베스트셀러 세이노의 가르침외 S급중고도서 /무료배송,"3,900원"
979,(CD) 블루 아카이브 2.5주년 기념 OST CD 앨범 패키지 (BLUE ARCHIVE 2.5th ANNIVERSARY OST - C...,"39,000원"
980,[출판사 휴먼어린이]휴먼어린이/ 나의 첫 역사책(전20권),"182,000원"
981,(5월21일부터발송) 2024 CRUSH PAJAMA SET _ L SIZE 크러쉬MD,"48,000원"
982,전세계 100만부 판매 블록 북 시리즈 7종(건설/상어/공룡/숫자/우주/농장/사랑)최신간 포함 선택구매,"21,000원"
983,[출판사 어스본코리아]동물 오케스트라의 차이콥스키 사운드북 우리 아기 오감발달,"12,350원"
984,[천재교육]돌잡이 영어(전 33종+디지털앱) - 펜 미포함,"123,200원"
985,픽토리 마더구스 10종 세트 Mother Goose Nursery Rhymes,"132,000원"
986,미국과학표준및 과학읽기탐구교재/내셔널지오그래픽/센게이지레벨드/Exploing Science,"178,800원"
987,지학사 중학독서평설 1년 정기구독,"119,240원"
988,특가 - 색색깔깔3 생각놀이책 골라담기,"9,000원"
989,(다산) 흔한남매 불꽃 튀는 우리말 1-5 전5권 (각권 따라쓰기 연습장 포함),"29,900원"
990,[윌라]윌라 오디오북 전자책 통합 멤버십 12개월권 (쿠폰익일 발송/주말제외),"103,950원"
991,[출판사 은하수](10% 카드할인) 초등학생을 위한 세계 명작 시리즈 56종 특가 / 추가 5% 쿠폰 / 최종가 4710원 무료배송,"5,500원"
992,(5월13일부터발송) 2024 CRUSH OFFICIAL LIGHT STICK 크러쉬MD,"14,000원"
993,(버전선택) COSMOPOLITAN Shine 코스모폴리탄 샤인 데이식스 에디션,"53,100원"
994,[출판사 봄이아트북스]사랑해 보비 세트 (전40권),"69,000원"
995,교양으로 읽는 용선생 세계사 1~15권 세트(아동도서+문구세트+노트 증정):완간,"198,900원"
996,(할인특가) 아람키즈-바나나 세계 창작 시리즈 : 옵션선택,"37,800원"
997,시공주니어_에릭칼 기획전 세트/낱권 선택구매,"162,520원"
998,(특가) 고구마머리TV 세트 (전6권 세트),"63,000원"
999,5월 8일출고 /팔레트 명화 30권 + 증정도서 6권 + 미술활동지 (미대엄마 5/1),"208,000원"
1000,(3권이상 무배) (초필살) 초등 맞춤법/영어/수학/속담/낱말퍼즐/스도쿠/관용어/시계달력 : 2024 신간 출시,"2,990원"
1001,(전국) 키즈 테마파크 챔피언1250/블랙벨트 29개점|키즈카페|키즈|플레이타임|챔피언|실내놀이터,"15,040원"
1002,대전 오월드 자유이용권(3/1~)/대전놀이공원/놀이동산/동물원/여행/관광/체험/테마파크/아이랑가볼만한곳,"20,930원"
1003,|최대15만원할인| 제주신라호텔 (룸온리 / 2인 조식 or 중식 패키지 / 9월까지 투숙가능),"229,000원"
1004,은평 볼베어파크 실내 키즈카페 가볼만한곳,"21,390원"
1005,(용인) 에버랜드 오후이용권 (방문날짜지정) (~6/8),"32,900원"
1006,(공식판매처) 용인 캐리비안베이 로 종일권/오후권 (4/20~5/17),"21,850원"
1007,대전 엑스포 아쿠아리움 입장권(6/1~)/대전 신세계 백화점/아이랑/가볼만한곳/실내데이트/데이트,"20,000원"
1008,(문자발송) 국내 인천/김포/김해 공항 라운지 이용권 마티나 스카이허브 라운지엘,"30,370원"
1009,|최대15만원할인||G-live 특가| 인스파이어 엔터테인먼트 리조트 4종 패키지 + 공통혜택,"232,940원"
1010,|최대20%할인|반짝특가|제주 아쿠아플라넷 입장권|아쿠아리움|유미의세포전|오션아레나공연|제주수족관,"34,000원"
1011,(영등포) 씨랄라 워터파크 종일권오후권 (~05.31),"16,830원"
1012,(룸 업그레이드)그랜드 하얏트 제주 (킹룸2박+조식2명X2회+카페8/피자음료...,"728,000원"
1013,[대명리조트](문자전송)소노벨 변산 오션플레이 입장권(종일권) 구 대명 변산 아쿠아월드,"20,240원"
1014,(용인) 에버랜드 종일이용권 (방문날짜지정) (~6/8),"42,300원"
1015,부산 벡스코 상상체험 키즈월드/키즈카페/실내놀이터/가볼만한곳/킨텍스/엑스코/놀이동산/테마파크,"14,250원"
1016,(인천 중구) 파라다이스시티 원더박스(3/16~5/31),"18,580원"
1017,웅진플레이도시 워터파크온천스파 로우시즌 입장권(~5/31),"23,660원"
1018,아쿠아플라넷 광교 이용권(5/1~6/30),"22,380원"
1019,|최대20%할인| 소노벨 천안 오션어드벤처 종일권 (대인/소인 주중/주말 공통),"21,050원"
1020,(당일사용가능) 이천 테르메덴 풀앤스파 종일권 (대/소 공통),"21,770원"
1021,부천 볼베어파크 이용권 / 웅진플레이 바운스 정글짐 스포츠 키즈카페 가볼만한곳,"20,000원"
1022,| 세부 | 제이파크 아일랜드 리조트 워터파크 (2박이상 투숙시 특가 제공),"359,340원"
1023,| 세부 | 샹그릴라 막탄 세부,"346,400원"
1024,통영 스카이라인 루지 이용권/통영가볼만한곳/경남루지/가족여행/테마파크/케이블카/놀거리/키즈카페/경주,"32,300원"
1025,|당일사용/문자발송| 과천 서울랜드 어린이 종일 파크 이용권 /놀이공원/테마파크/나들이/가족/여행/소풍,"25,290원"
1026,(강원 정선) 하이원리조트 워터월드 준성수기 이용권 (5/1~7/11),"20,520원"
1027,대전 아쿠아리움 입장권/대전아쿠아플라넷/수족권/아이랑/키즈카페/가볼만한곳/여행/체험/데이트,"16,650원"
1028,경주 365일 힐링파크 엑스포대공원 이용권/경주여행/경주월드/경주가볼만한곳/보문관광단지/경주벚꽃,"8,370원"
1029,김해 가야랜드 엔젤파크 입장권/눈썰매| 경남테마파크 | 김해놀이공원 | 김해 테마파크,"13,950원"
1030,한국민속촌 (어린이날 프로모션) 한국민속촌 플레이모빌(세종대왕)PKG/용인데이트/민속촌,"18,430원"
1031,아쿠아플라넷 여수 (구매다음날~05.31),"27,900원"
1032,파라다이스호텔리조트 파라다이스시티(인천 호텔/중구/인천국제공항(중,"299,200원"
1033,[대명리조트](문자발송) 델피노 오션플레이 워터파크 종일권 아쿠아월드 고성 소노문 소노캄,"23,830원"
1034,(경기) 애니멀 테마파크 동물원 주렁주렁 하남점 실내 먹이주기 체험,"20,210원"
1035,|최대20%할인|제주 스누피가든 입장권|제주여행|제주스누피,"13,000원"
1036,(서울 잠실) 롯데월드타워 전망대 서울스카이 입장권 5월,"21,600원"
1037,(부산) 센텀 스파랜드 ~05/31,"15,360원"
1038,봄맞이 2024 부산 씨라이프 아쿠아리움 연간회원권,"57,000원"
1039,랜딩관 제주신화월드 호텔앤리조트(제주 호텔/서귀포/중문),"105,000원"
1040,인천 강화옥토끼우주센터/ 우주과학체험관 테마파크 공룡의숲 아이와 가볼만한곳,"15,230원"
1041,경주월드 5월 파크이용권 종일/오후/도투락빌리지/야간개장,"20,280원"
1042,[대명리조트]천안오션어드벤처 입장권 대인/소인권 주중/주말,"21,800원"
1043,롯데워터파크 (문자발송) 롯데워터파크 김해 미들시즌 종일권(5/4~5/24),"20,430원"
1044,경남 거제 씨월드 입장권/돌고래/체험/아쿠아리움/수족관/경남/경상도/벨루가/아이랑가볼만한곳,"20,370원"
1045,|최대15만원할인|세인트존스 호텔 (강원/강릉/경포대/강릉호텔)(강원 호텔/,"110,000원"
1046,대구 엘리바덴 신월성점 찜질스파 6시간권 (구매 후 1시간 후 부터 사용가능),"15,360원"
1047,서울/일산/세종 뽀로로파크 1회 입장권 (~5/31),"20,000원"
1048,제주 제주투어패스 프리패스 자유이용권 / 여행 관광지 체험 액티비티 우도 여객선 승마 카트 공연 패키지,"16,470원"
1049,(문자발송) 어뮤즈스파 진주점 사우나/찜질/패키지 이용권,"20,000원"
1050,[비발디파크](문자발송) 비발디파크 오션월드 종일권+실내/실외락카+이지패스(대명리조트 홍천 워터파크)소인기준,"21,160원"
1051,(문자발송)충남 아산 스파비스 (4/5~6/30) 온천 스파 워터파크 충청,"23,000원"
1052,(인천 중구) 파라다이스시티 씨메르 아쿠아스파 (03/01~05/31),"40,800원"
1053,경주 보문호수 위 다이나믹한 즐거움 경주 루지월드/가볼만한곳/놀이공원/놀이동산/테마파크/경주벚꽃,"24,090원"
1054,경포아쿠아리움 / 어린이 체험 / 강원도가볼만한 곳 / 강릉속초수족관,"12,920원"
1055,한국민속촌 한국민속촌 이용권(~5/31)/용인데이트/민속촌,"19,800원"
1056,강원 웰리힐리파크 워터플래닛 종일권(4.27~7.12),"29,450원"
1057,(문자발송) 휘닉스 파크 블루캐니언 대인/소인 입장권 워터파크 스파 강원도,"34,220원"
1058,부산 해운대 블루라인파크 스카이캡슐 탑승권(당일 예약 불가),"33,000원"
1059,그랜드 조선 부산(부산 호텔/해운대/해운대 (센텀송정달맞이)),"237,600원"
1060,[대명리조트](문자발송) 쏠비치 양양 오션플레이 (대명리조트 워터파크 오션어드벤처 아쿠아월드),"17,480원"
1061,[비발디파크]오션월드 당일바로사용 구명조끼포함 실내외락카 소인권,"24,000원"
1062,스플라스리솜 워터파크 이용권/스플라스/리솜/덕산워터파크 (5.01~6.30),"16,170원"
1063,|최대15만원할인|제주 서귀포| 호텔 더본 제주,"158,730원"
1064,당일특가 라한셀렉트 경주 (경북 호텔/경주),"129,000원"
1065,제주 휴애리 수국축제 / 제주도 사계절 내내 꽃축제 자연생활공원,"8,280원"
1066,(대구) 이월드 자유이용권 5월,"22,950원"
1067,소노캄 거제(경남 리조트/거제/고성),"161,000원"
1068,|최대15만원할인|스카이베이호텔 경포(강원 호텔/강릉/동해/삼척/양양/고성/,"121,000원"
1069,르부르낙산 바이 체스터톤스(강원 호텔/양양/홍천/인제/철원),"72,000원"
1070,(강원) 동해보양온천스파 이용권 | 해수수영장 이용권,"16,190원"
1071,인터컨티넨탈 서울 코엑스(서울 호텔/강남/역삼/삼성/신사/청담),"235,000원"
1072,전북투어패스 통합이용권/전주여행/한옥마을/남원/무주/임실/익산/군산/부안/고창,"12,900원"
1073,|최대15만원할인|휘닉스 리조트 평창(강원 호텔/평창/정선/횡성/워터파크),"150,000원"
1074,(경남) 마산 로봇랜드 종일 이용권 5월,"19,860원"
1075,군위 삼국유사 테마파크/경북투어패스/군위여행/경북 물놀이/대구근교 아이랑/경북여행,"6,510원"
1076,아르떼 리조트 스파 풀빌라(경남 리조트/사천/남해/진주/하동),"129,000원"
1077,당일특가 라한호텔 전주(전북 호텔/전주),"115,000원"
1078,정동진 썬크루즈호텔(강원 호텔/강릉/동해/삼척),"88,000원"
1079,아산 퍼스트빌리지 공룡월드/백악기월드/워킹공룡쇼/아산키즈카페/아산마술쇼/아산아이와가볼만한곳,"14,880원"
1080,|최대15만원할인|소노벨 비발디파크 B.C(강원 리조트/홍천/양양/인제/철원/리,"115,000원"
1081,소노벨 경주(경북 리조트/경주),"127,000원"
1082,소노벨 변산 리조트 (전북 리조트/부안/군산/익산/진안/무주),"120,000원"
1083,(당일사용/문자발송) 과천 서울랜드 종일 파크 이용권 /놀이공원/테마파크/나들이/가족/여행/소풍/현장학습,"29,990원"
1084,|제주|아쿠아플라넷 입장권+제주가볼만한곳,"33,370원"
1085,롯데월드 어드벤처 종합파크이용권 5월,"24,000원"
1086,특가 / 부산 해운대 블루라인파크 캡슐+열차 패키지 탑승권(당일 예약 불가),"53,350원"
1087,용평리조트 워터파크 종일권(~7/12),"19,480원"
1088,(룸 업그레이드)그랜드 하얏트 제주 (킹룸1박+조식2명+라운지38 베이커리SET),"379,000원"
1089,(과천) 매직플로우 원더파크 서울대공원점 (그랜드오픈),"15,560원"
1090,양주 두리랜드+글로벌스페이스 패키지(당일구매/당일사용 불가)/글로벌스페이스/양주키즈카페/체험/박물관,"24,180원"
1091,아쿠아필드 안성 찜질스파 (05/01~05/31),"16,320원"
1092,코엑스 아쿠아리움 24년 5월 입장권 (5/4~5/6제외),"21,850원"
1093,[대명리조트](문자전송)쏠비치 삼척 오션플레이 입장권(종일권) 구 삼척 아쿠아월드,"20,700원"
1094,뽀로로테마파크 다산_뽀로로파크 존(5월),"19,400원"
1095,부산 해운대 블루라인파크 캡슐+열차 패키지 탑승권(당일 예약 불가),"55,000원"
1096,| 타이베이 | 리젠트 타이베이 IHG 호텔,"247,600원"
1097,[비발디파크]홍천 오션월드할인 입장권 구명조끼 당일구매 바로입장 오션월드 입장권 종일권 구명조끼 이지패스 당일사용,"25,000원"
1098,노랑풍선 단독 싱가포르 속 파라다이스 센토사 호텔 3박+NO쇼핑+전일 관광,"1,053,550원"
1099,아쿠아필드 고양 찜질스파 (05/01~05/31),"16,320원"
1100,구리 플레이티카 이용권(~24.06.30까지),"16,200원"
1101,[메가박스](BSD 전용 쿠폰적용가 6천원) 메가박스 일반예매권 2D주중/주말,"15,000원"
1102,[컬쳐랜드](클럽전용) 컬쳐랜드 모바일문화상품권 5만원,"46,500원"
1103,[문화상품권](클럽전용) 온라인문화상품권 5만원 (스마일캐시 직접충전 가능),"46,500원"
1104,(유니버스클럽 전용 쿠폰적용가 5천원) 메가박스 일반예매권 2D-주중/주말,"15,000원"
1105,[컬쳐랜드](컬쳐랜드) 모바일문화상품권 5만원권 /컬쳐캐시 충전,"46,750원"
1106,[도서문화상품권](클럽전용) 북앤라이프 도서문화상품권 5만원권 / 온라인전용,"46,500원"
1107,[한국투자증권](한국투자증권) 온라인 금융상품권 5만원/현금전용,"50,000원"
1108,[컬쳐랜드](컬쳐랜드)(PIN발송) 모바일 문화 상품권 5만원권 / 신용카드 핀번호전송 온라인,"46,740원"
1109,[컬쳐랜드](컬쳐랜드) 모바일문화상품권 3만원권 /컬쳐캐시 충전,"28,050원"
1110,[해피머니상품권](해피머니) 온라인 상품권 5만원권 / 핀발송 / 신용카드 모바일 핀번호전송,"46,740원"
1111,[구글플레이]기프트코드 3만원 / 구글 기프트카드,"28,950원"
1112,[현대백화점](현대백화점) 현대 모바일교환권 10만원,"98,000원"
1113,[구글플레이]기프트코드 10만원 / 구글 기프트카드,"96,500원"
1114,[구글플레이]기프트코드 5만원 / 구글 기프트카드,"48,250원"
1115,[요기요](요기요) 5만원권,"50,000원"
1116,(NE능률) NELT 응시권 1회권/3+1회권,"30,000원"
1117,[컬쳐랜드](컬쳐랜드) 모바일문화상품권 1만원권 /컬쳐캐시 충전,"9,500원"
1118,[배달의민족](배달의민족) 5만원권,"50,000원"
1119,[구글플레이]기프트코드 1만원 / 구글 기프트카드,"9,650원"
1120,[이마트](특판) (이마트) 모바일 금액권 5만원권 (전액사용형),"48,750원"
1121,[CU]CU 모바일금액권 3천원권,"3,000원"
1122,[문화상품권]온라인문화상품권 5만원 (스마일캐시 직접충전 가능),"46,750원"
1123,[이디야커피](이디야커피) ICED 카페라떼(L),"3,200원"
1124,[구글플레이]기프트코드 1만 5천원 / 구글 기프트카드,"14,470원"
1125,[CGV](CGV) 5월 G마켓 예매권(2D),"10,600원"
1126,[문화상품권]온라인문화상품권 3만원 (스마일캐시 직접충전 가능),"28,050원"
1127,[구글플레이]기프트코드 20만원 / 구글 기프트카드,"193,000원"
1128,[GS25](GS25) GS25모바일금액상품권1만원,"9,500원"
1129,[빕스](빕스/이디야) 페이즈 기프트 외식 5만원권,"47,500원"
1130,[SFG우설화](SFG신화푸드) 페이즈 통합 디지털 5만원권,"46,000원"
1131,[이마트](이마트) 모바일 금액권 5만원권 (잔액관리형),"48,750원"
1132,[스타벅스](스타벅스) 아이스 카페 아메리카노 T,"4,500원"
1133,[GS25]GS25 모바일상품권 3천원권,"3,000원"
1134,[스타벅스]스타벅스 e카드 5만원 교환권,"50,000원"
1135,[스타벅스](스타벅스) (APP전용) e카드 3만원 교환권,"30,000원"
1136,[스타벅스](스타벅스)(APP전용) e카드 10만원 교환권,"100,000원"
1137,[스타벅스](스타벅스) (APP전용) e카드 5만원 교환권,"50,000원"
1138,[컬쳐랜드](컬쳐랜드) 모바일문화상품권 5천원권 /컬쳐캐시 충전,"4,750원"
1139,[스타벅스](스타벅스) (APP전용) e카드 2만원 교환권,"20,000원"
1140,[이디야커피](이디야커피) ICED 달달커피(L),"2,200원"
1141,[신세계상품권](특판)(신세계상품권) 10만원(신세계백화점 지류교환),"99,000원"
1142,[요기요](요기요) 1만원권,"10,000원"
1143,[구글플레이]기프트코드 5천원 / 구글 기프트카드,"4,820원"
1144,[GS25](GS25) GS25모바일금액상품권5천원,"4,750원"
1145,[배달의민족](배달의민족) 5만원 상품권 교환권,"50,000원"
1146,[에그머니](에그머니) 온라인게임상품권 5만원,"45,750원"
1147,[넥슨](넥슨카드)(PIN발송) 온라인게임상품권 5만원,"47,500원"
1148,[스타벅스](스타벅스) 돌체 콜드 브루 T,"6,000원"
1149,[CU](CU) 모바일금액권 1만원/ 실시간발송,"9,700원"
1150,[CU](CU) 모바일금액권 3만원/ 실시간발송,"29,100원"
1151,[구글플레이]기프트코드 15만원 / 구글 기프트카드,"144,750원"
1152,[스타벅스](스타벅스) e카드교환권 10만원권,"100,000원"
1153,[배달의민족](배달의민족) 2만원 상품권 교환권,"20,000원"
1154,[도서문화상품권](북앤라이프) 도서문화상품권 3만원권 / 온라인전용,"28,050원"
1155,[문화상품권]온라인문화상품권 1만원 (스마일캐시 직접충전 가능),"9,500원"
1156,[도서문화상품권](북앤라이프) 도서문화상품권 5만원권 / 온라인전용,"46,750원"
1157,[던킨](던킨) 제품교환권 1만원권 (일시사용),"8,000원"
1158,[던킨](던킨) 먼치킨 10개팩,"3,850원"
1159,[CU]CU 모바일상품권 3천원권,"3,000원"
1160,[배달의민족](배달의민족) 3만원 상품권 교환권,"30,000원"
1161,[신세계상품권](특판)(신세계상품권) 20만원(신세계백화점 지류교환),"198,000원"
1162,[CU]CU 모바일금액권 5천원권,"5,000원"
1163,[메가박스](메가박스) 2인 패키지,"31,320원"
1164,[메가MGC커피](메가MGC커피) (ICE)아메리카노,"2,000원"
1165,[SOil](S-OIL) 에쓰-오일 모바일주유상품권 5만원권,"50,000원"
1166,[스타벅스](스타벅스) e카드교환권 5만원권,"50,000원"
1167,[SK텔레콤](SK텔레콤) T데이터쿠폰 5GB,"23,100원"
1168,[컴포즈커피](컴포즈커피) 아메리카노(Ice)(TAKE-OUT),"1,500원"
1169,[DB금융투자](DB금융투자) 3만원 교환권 / 계좌이체 전용,"30,000원"
1170,[도서문화상품권](북앤라이프)(PIN발송) 도서문화상품권 5만원,"46,740원"
1171,[커피빈](커피빈) 모바일교환권 3만원권,"26,100원"
1172,[메가MGC커피](메가MGC커피) 디지털 1만원권,"9,600원"
1173,[스타벅스](스타벅스) 아이스 카페 라떼 T,"5,000원"
1174,[해피머니상품권](해피머니) 온라인상품권 5만원,"47,750원"
1175,[이마트](특판) (이마트) 모바일 금액권 3만원권 (전액사용형),"29,250원"
1176,[투썸플레이스](투썸플레이스) 스트로베리 초콜릿 생크림,"35,890원"
1177,[스타벅스]스타벅스 e카드 3만원 교환권,"30,000원"
1178,[올리브영](올리브영) 기프트카드 5만원권(즉시사용가능),"50,000원"
1179,[DB금융투자](DB금융투자) 5만원 교환권 / 계좌이체 전용,"50,000원"
1180,[요기요](요기요) 5만원권,"50,000원"
1181,[요기요](요기요) 1만원권,"10,000원"
1182,[롯데상품권](롯데모바일상품권) 10만원권,"100,000원"
1183,[KFC](KFC) 모바일금액권 2만원권,"19,600원"
1184,[도서문화상품권](북앤라이프) 도서문화상품권 2만원권 / 온라인전용,"19,000원"
1185,[해피머니상품권](해피머니) 온라인상품권 3만원,"28,650원"
1186,[빕스](빕스/이디야) 페이즈 기프트 외식 3만원권,"28,500원"
1187,[신세계상품권]신용카드 /백화점상품권/롯데/신세계상품권 10만원권,"97,700원"
1188,[컬쳐랜드](컬쳐랜드) 모바일문화상품권 3천원권 /컬쳐캐시 충전,"2,850원"
1189,[커피빈](커피빈) 모바일교환권 1만원권,"8,700원"
1190,[요기요](요기요) 2만원권,"20,000원"
1191,[배스킨라빈스](배스킨라빈스) 모바일 3만원권,"30,000원"
1192,[맥도날드](맥도날드) 디지털 1만원권,"9,800원"
1193,[메가MGC커피](메가MGC커피) (ICE)메가리카노,"3,000원"
1194,[CU]CU 모바일금액권 1천원권,"1,000원"
1195,[요기요](요기요) 3만원권,"30,000원"
1196,[메가박스](메가박스) 2인권,"25,480원"
1197,[맥도날드](맥도날드) 디지털 2만원권,"19,600원"
1198,[GS25]GS25 모바일금액권 3천원권,"3,000원"
1199,[메가MGC커피](메가MGC커피) (HOT)아메리카노,"1,500원"
1200,[롯데리아](롯데리아) GRS 모바일금액권 1만원권,"9,600원"
